country,year,lat,lon,wealthpooled,households,urban_rural
angola,2011,-12.350257,13.534922,2.5956175327301,36,1
angola,2011,-12.360865,13.551494,2.20962047576904,32,1
angola,2011,-12.613421,13.413085,0.906468868255615,36,1
angola,2011,-12.581454,13.397711,1.1053591966629,35,1
angola,2011,-12.578135,13.418748,1.87934386730194,37,1
angola,2011,-12.575305,13.408575,1.74931740760803,27,1
angola,2011,-11.188879,13.838995,0.182361423969269,33,1
angola,2011,-11.20005,13.832946,0.691215991973877,30,1
angola,2011,-8.593237,13.643248,0.527797996997833,36,1
angola,2011,-8.583901,13.664315,0.891160488128662,35,1
angola,2011,-12.752814,15.742476,0.936776995658875,33,1
angola,2011,-12.782553,15.7543,-0.0526521876454353,34,1
angola,2011,-12.600115,13.200098,-0.073469914495945,36,0
angola,2011,-12.594752,13.202681,0.721672713756561,37,0
angola,2011,-12.426923,13.554357,-0.117268577218056,36,0
angola,2011,-12.426737,13.558511,0.381618529558182,37,0
angola,2011,-13.434386,14.269446,-1.14221024513245,37,0
angola,2011,-13.465144,14.278094,-0.85293048620224,37,0
angola,2011,-12.34475,14.773096,-0.463503241539001,37,1
angola,2011,-12.371371,14.753342,-1.05712330341339,37,0
angola,2011,-10.871302,14.353967,-1.06337440013885,37,0
angola,2011,-10.858034,14.35882,0.409533500671387,37,0
angola,2011,-10.419603,13.970724,-0.906610667705536,33,0
angola,2011,-10.390981,13.984454,-1.17829394340515,23,0
angola,2011,-11.537386,14.726956,-1.04396414756775,28,0
angola,2011,-11.517536,14.75472,-1.1313544511795,26,0
angola,2011,-9.096796,13.6464,0.152510479092598,37,0
angola,2011,-9.172912,13.648187,-0.813847541809082,33,0
angola,2011,-8.159112,14.469092,-0.430856823921204,37,0
angola,2011,-8.159944,14.460016,-0.249424755573273,37,0
angola,2011,-6.013011,14.173505,-0.837387084960938,36,0
angola,2011,-5.869627,14.099057,-0.932220935821533,17,0
angola,2011,-5.872087,13.439567,-0.943604350090027,37,0
angola,2011,-5.897936,13.408697,-1.14929592609406,37,0
angola,2011,-12.106623,16.69557,-1.04850649833679,25,0
angola,2011,-12.186224,16.745166,-0.829582512378693,35,0
angola,2011,-11.383436,16.205631,-0.623327672481537,37,0
angola,2011,-11.342776,16.201752,-0.948899269104004,31,0
angola,2011,-12.216219,17.517328,-0.951153218746185,33,0
angola,2011,-12.170704,17.546887,-1.06607961654663,31,0
angola,2011,-12.13176,17.923544,-1.24290645122528,32,0
angola,2011,-13.913492,17.286135,-1.22812163829803,36,0
angola,2011,-13.751458,17.183673,-1.16334104537964,34,0
angola,2011,-12.91732,15.720189,0.902192950248718,32,0
angola,2011,-12.747986,15.767361,0.209765985608101,30,0
angola,2011,-12.79096,15.743495,-0.164373964071274,26,0
angola,2011,-12.875445,15.760207,-0.212368860840797,35,0
angola,2011,-12.743259,15.761831,0.206417515873909,37,0
angola,2011,-12.772853,15.756213,0.29319104552269,34,0
angola,2011,-12.984558,15.943458,-0.0407793372869492,36,0
angola,2011,-12.73975,15.662196,-0.367856502532959,35,0
angola,2011,-12.537665,16.250486,-0.818283557891846,35,0
angola,2011,-12.565216,16.261759,-0.871328175067902,34,0
angola,2011,-13.43746,15.412271,-0.835232496261597,37,0
angola,2011,-13.530546,15.460572,-0.909515857696533,12,0
angola,2011,-11.971578,16.488123,-0.80119651556015,36,0
angola,2011,-5.564471,12.20079,1.03297924995422,32,1
angola,2011,-5.57374,12.192002,1.30253994464874,31,1
angola,2011,-9.527211,16.338669,0.643735647201538,37,1
angola,2011,-9.542977,16.318552,1.17173480987549,37,1
angola,2011,-9.692947,14.432255,0.945922434329987,37,1
angola,2011,-9.68139,14.435284,0.211902379989624,36,1
angola,2011,-7.61528,15.052982,1.83545529842377,34,1
angola,2011,-7.619236,15.061034,1.37665677070618,37,1
angola,2011,-7.768684,15.252056,1.06142520904541,37,1
angola,2011,-7.774466,15.251551,0.656859934329987,37,1
angola,2011,-4.593331,12.862203,0.0344385989010334,34,0
angola,2011,-4.465606,12.862364,-0.622969925403595,11,0
angola,2011,-9.598896,21.581054,-1.2406439781189,36,0
angola,2011,-9.055912,21.48238,-1.21234536170959,24,0
angola,2011,-10.556164,22.039559,-1.12801134586334,37,0
angola,2011,-10.559984,22.166975,-1.03623521327972,37,0
angola,2011,-11.210758,19.821867,-1.23323953151703,37,0
angola,2011,-11.150213,19.794632,-1.25253260135651,28,0
angola,2011,-7.695138,21.382575,-1.01315188407898,37,0
angola,2011,-7.728569,21.314003,-0.952350854873657,37,0
angola,2011,-7.36819,20.809591,-0.157152786850929,37,0
angola,2011,-7.384159,20.796074,-0.794834494590759,37,0
angola,2011,-9.761993,19.65721,-1.03277003765106,36,0
angola,2011,-9.726207,19.631708,-1.12079250812531,36,0
angola,2011,-9.500242,17.465337,-0.955533027648926,37,0
angola,2011,-9.498591,17.830035,-1.14300203323364,37,0
angola,2011,-9.568134,16.201997,-0.722014427185059,36,0
angola,2011,-9.661635,16.297115,-1.06794846057892,37,0
angola,2011,-9.469572,16.157832,-1.02397954463959,29,0
angola,2011,-9.445209,16.151481,-0.958844065666199,21,0
angola,2011,-8.354865,16.118953,-0.677431762218475,24,0
angola,2011,-8.378798,16.116516,-1.18170702457428,21,0
angola,2011,-8.809969,16.79541,0.409049183130264,34,0
angola,2011,-8.821804,16.767913,-0.8000448346138,37,0
angola,2011,-8.495734,16.404243,-1.13720452785492,29,0
angola,2011,-8.52078,16.361114,-0.920501232147217,24,0
angola,2011,-10.972333,17.549232,-0.858869731426239,36,0
angola,2011,-10.999863,17.564071,-0.577543020248413,31,0
angola,2011,-9.478349,16.860985,-0.810440599918365,33,0
angola,2011,-9.481052,16.859833,-0.934135735034943,33,0
angola,2011,-9.271637,15.235037,-1.01384294033051,34,0
angola,2011,-9.253066,15.241698,-1.09577298164368,28,1
angola,2011,-8.177555,15.379147,-0.666117131710052,37,0
angola,2011,-8.205036,15.397273,-0.983263194561005,35,0
angola,2011,-8.896356,15.599051,-1.12501680850983,35,0
angola,2011,-8.989537,15.580459,-0.752867877483368,25,0
angola,2011,-7.790408,15.392677,-1.02324163913727,37,0
angola,2011,-8.02952,15.575171,-0.882599413394928,31,0
angola,2011,-6.066164,15.087652,0.157952710986137,37,0
angola,2011,-6.081505,15.064407,-0.481426566839218,37,0
angola,2011,-6.661051,15.11861,-0.600045263767242,12,0
angola,2011,-6.696079,15.13254,-0.543602764606476,22,0
angola,2011,-7.549677,15.45235,-1.0471408367157,37,0
angola,2011,-7.285451,15.377354,-1.16298651695251,37,0
angola,2011,-6.492766,16.196565,-0.969230234622955,36,0
angola,2011,-6.613551,16.243775,-0.901126623153687,37,0
angola,2011,-6.622739,16.385077,-0.884259283542633,37,0
angola,2011,-6.58359,16.463289,-0.894660949707031,35,0
angola,2011,-6.476821,15.739399,-1.02182984352112,37,0
angola,2011,-6.496367,15.90848,-1.02714169025421,37,0
angola,2011,-14.924358,13.499334,1.13657021522522,37,1
angola,2011,-14.921202,13.4958,1.81660413742065,36,1
angola,2011,-14.916416,13.501424,1.8642486333847,33,1
angola,2011,-14.926751,13.495507,1.57822442054749,35,1
angola,2011,-14.912081,13.501654,1.33544158935547,34,1
angola,2011,-14.925065,13.495747,1.67197489738464,35,1
angola,2011,-14.920751,13.493788,1.54196131229401,35,1
angola,2011,-14.91614,13.508469,1.72541570663452,32,1
angola,2011,-17.066422,15.719677,1.00921046733856,37,1
angola,2011,-17.06959,15.705331,1.38325881958008,37,1
angola,2011,-15.121938,12.141942,0.800037503242493,33,1
angola,2011,-15.193016,12.161707,2.11094522476196,32,1
angola,2011,-15.81808,11.82366,1.42686855792999,32,1
angola,2011,-15.798489,11.856787,1.15505421161652,34,1
angola,2011,-15.808056,17.921414,-1.11222183704376,37,0
angola,2011,-15.469869,17.996156,-0.859808743000031,35,0
angola,2011,-15.498097,17.98579,-0.878539800643921,37,0
angola,2011,-15.499702,17.969204,-0.87233978509903,37,0
angola,2011,-16.219002,17.676093,-1.23004925251007,37,0
angola,2011,-15.812094,17.51968,-1.20299100875854,24,0
angola,2011,-15.874966,17.406166,-1.26909220218658,13,0
angola,2011,-15.300348,17.354066,-1.15796661376953,25,0
angola,2011,-16.296247,22.043261,-1.07558178901672,37,0
angola,2011,-16.363459,22.002347,-1.10103976726532,34,0
angola,2011,-11.433788,20.167403,-0.836628794670105,37,0
angola,2011,-11.33952,20.184083,-0.59268707036972,37,0
angola,2011,-14.178899,21.394238,-1.00306391716003,37,0
angola,2011,-14.135031,21.503647,-1.02522885799408,37,0
angola,2011,-11.886975,22.924998,-1.090052485466,37,0
angola,2011,-11.915085,22.876838,-1.01936089992523,37,0
angola,2011,-10.719151,22.202101,-0.256668001413345,37,0
angola,2011,-10.691041,22.233159,-0.0876544490456581,37,0
angola,2011,-16.747716,14.987153,0.211549818515778,36,0
angola,2011,-16.688241,15.01652,-1.1446328163147,12,0
angola,2011,-17.10727,14.731981,-1.16648209095001,37,0
angola,2011,-17.277097,14.603176,-1.25818300247192,36,0
angola,2011,-16.569325,13.935462,-1.11952424049377,37,0
angola,2011,-16.432445,13.879785,-1.19205212593079,31,0
angola,2011,-15.052206,13.563021,-0.900944113731384,30,0
angola,2011,-15.05934,13.55733,-0.801721632480621,37,0
angola,2011,-14.703161,13.854702,-0.710649311542511,37,0
angola,2011,-14.700672,13.857399,-0.491313308477402,37,0
angola,2011,-15.352912,13.985749,-0.579489648342133,37,0
angola,2011,-15.374823,14.003732,-0.502918541431427,37,0
angola,2011,-13.848003,14.492118,-0.65778648853302,36,0
angola,2011,-13.858824,14.505897,-0.986010551452637,37,0
angola,2011,-14.854868,14.541673,-0.539738237857819,37,0
angola,2011,-14.82908,14.543073,-0.289916187524796,32,0
angola,2011,-14.744015,15.024417,-0.913845539093018,36,0
angola,2011,-14.786573,14.932136,-0.743605434894562,37,0
angola,2011,-14.222603,14.877484,-0.819722712039948,37,0
angola,2011,-14.009649,14.971961,-0.826906085014343,37,0
angola,2011,-15.753388,13.883774,-0.210351467132568,37,0
angola,2011,-15.750301,13.865579,-0.55951315164566,37,0
angola,2011,-15.785221,12.099683,-0.661220967769623,36,0
angola,2011,-15.784844,12.102887,-0.737723767757416,34,0
angola,2011,-14.117284,13.235936,-1.03021395206451,32,0
angola,2011,-14.084452,13.298436,-0.840183556079865,31,0
angola,2011,-8.817997,13.233722,2.13965368270874,27,1
angola,2011,-8.823097,13.229825,2.39352989196777,28,1
angola,2011,-8.816141,13.23632,2.47592210769653,34,1
angola,2011,-8.813405,13.244106,1.15836322307587,34,1
angola,2011,-8.840443,13.224205,1.80963087081909,34,1
angola,2011,-8.827519,13.225791,1.85235702991486,35,1
angola,2011,-8.846415,13.224051,1.99294483661652,22,1
angola,2011,-8.875834,13.231401,1.38676726818085,28,1
angola,2011,-8.835869,13.210838,1.57732355594635,35,1
angola,2011,-8.832266,13.221907,1.99323892593384,30,1
angola,2011,-8.826286,13.228105,1.59564912319183,28,1
angola,2011,-8.833632,13.229804,1.5986499786377,26,1
angola,2011,-8.856284,13.211205,1.49419701099396,36,1
angola,2011,-8.87411,13.197329,1.45406448841095,33,1
angola,2011,-8.868386,13.208145,1.70844566822052,32,1
angola,2011,-8.82389,13.248606,1.32809269428253,35,1
angola,2011,-8.816697,13.259242,1.97760713100433,37,1
angola,2011,-8.815725,13.261332,1.21171367168427,37,1
angola,2011,-8.811948,13.266252,1.5292501449585,35,1
angola,2011,-8.813852,13.254427,2.19922780990601,28,1
angola,2011,-8.809344,13.260851,2.15812921524048,36,1
angola,2011,-8.789044,13.288926,1.62899172306061,37,1
angola,2011,-8.806689,13.29555,1.01627063751221,37,1
angola,2011,-8.83616,13.262736,1.63160455226898,36,1
angola,2011,-8.83683,13.267561,1.92574214935303,33,1
angola,2011,-8.846789,13.243329,2.04141497612,36,1
angola,2011,-8.827348,13.260334,1.41397392749786,36,1
angola,2011,-8.84793,13.244764,1.31284129619598,37,1
angola,2011,-8.865831,13.273651,1.59246265888214,37,1
angola,2011,-8.864,13.240764,1.05676901340485,32,1
angola,2011,-8.872391,13.268747,1.54771316051483,37,1
angola,2011,-8.864989,13.274756,1.70628917217255,37,1
angola,2011,-8.856465,13.26412,1.8748939037323,37,1
angola,2011,-8.882478,13.2459,1.56408417224884,37,1
angola,2011,-8.867516,13.244991,0.799516141414642,35,1
angola,2011,-8.834056,13.209744,1.4746025800705,35,1
angola,2011,-8.816916,13.220078,1.89140689373016,36,1
angola,2011,-9.004158,13.205266,0.158698976039886,32,0
angola,2011,-8.947241,13.196158,1.70110952854156,36,1
angola,2011,-8.788449,13.343461,1.34830367565155,36,1
angola,2011,-8.780709,13.371478,0.98741227388382,35,1
angola,2011,-8.909398,13.360441,2.23700642585754,33,1
angola,2011,-8.911528,13.35434,0.991173565387726,34,1
angola,2011,-8.906169,13.347171,1.47247433662415,36,1
angola,2011,-8.924589,13.351689,1.24541461467743,35,1
angola,2011,-8.872989,13.353201,1.29460954666138,37,1
angola,2011,-8.914535,13.352352,1.16622614860535,34,1
angola,2011,-8.9001,13.381235,1.47427260875702,37,1
angola,2011,-8.788655,13.312563,1.38247418403625,35,1
angola,2011,-8.826405,13.273063,1.46178138256073,32,1
angola,2011,-8.801185,13.282126,2.22018694877625,31,1
angola,2011,-8.825431,13.268597,1.97440695762634,37,1
angola,2011,-8.800267,13.336221,1.43245673179626,33,1
angola,2011,-8.804814,13.322053,1.2948933839798,35,1
angola,2011,-8.799253,13.33084,1.28360235691071,35,1
angola,2011,-8.776135,13.317466,1.47000765800476,35,1
angola,2015,-12.101381,14.140703,-0.992088079452515,26,0
angola,2015,-9.663518,20.377014,0.840118885040283,26,1
angola,2015,-8.928897,13.299542,1.71024131774902,10,1
angola,2015,-14.287585,17.621653,-0.436499625444412,26,0
angola,2015,-14.211038,13.546263,-0.981814742088318,26,0
angola,2015,-5.562043,12.211461,1.68470525741577,25,1
angola,2015,-5.580166,12.191222,1.75976896286011,25,1
angola,2015,-12.353335,14.778694,0.162535086274147,22,1
angola,2015,-11.61019,14.460758,-0.818060874938965,24,0
angola,2015,-8.828197,13.3354,1.25271463394165,25,1
angola,2015,-8.888833,13.353182,1.92006206512451,23,1
angola,2015,-14.236392,12.415434,-0.225436747074127,23,0
angola,2015,-9.096904,15.741176,-0.923728704452515,26,0
angola,2015,-14.666671,17.686694,-0.0307060964405537,26,1
angola,2015,-14.921756,13.510776,1.79235851764679,26,1
angola,2015,-8.908463,20.259352,-1.01478171348572,20,0
angola,2015,-12.275742,16.026318,-0.798326969146729,26,0
angola,2015,-9.553536,16.389127,1.25698363780975,26,1
angola,2015,-13.705202,14.597441,-0.870300054550171,26,0
angola,2015,-15.341305,21.485585,-0.926760673522949,26,0
angola,2015,-8.697084,19.727543,-1.19652152061462,22,0
angola,2015,-7.374192,20.809691,2.07098865509033,23,1
angola,2015,-8.910589,13.45499,0.766207575798035,24,0
angola,2015,-10.561233,17.424434,-0.57768326997757,25,0
angola,2015,-8.881348,13.315149,1.92256700992584,26,1
angola,2015,-6.819462,13.327338,0.940209269523621,19,1
angola,2015,-10.151903,19.264746,-0.421195209026337,26,1
angola,2015,-8.461192,20.71533,-0.138812467455864,25,1
angola,2015,-10.403526,15.529566,-0.539864301681519,16,0
angola,2015,-9.643511,20.405183,-0.0864738672971725,26,1
angola,2015,-12.37901,16.920537,0.450461357831955,25,1
angola,2015,-14.338805,14.955619,-0.498582988977432,26,0
angola,2015,-8.883894,13.220594,1.67649567127228,22,1
angola,2015,-8.586355,13.656795,1.52975165843964,26,1
angola,2015,-9.674744,20.379196,-0.18580923974514,26,1
angola,2015,-9.531624,16.334123,1.57330369949341,26,1
angola,2015,-13.268225,16.286991,-0.927974224090576,23,0
angola,2015,-12.538077,13.48618,1.27027654647827,23,1
angola,2015,-10.08032,17.556974,-0.276529014110565,23,1
angola,2015,-13.970785,13.681502,-0.994631230831146,26,0
angola,2015,-14.744742,17.72352,-0.680787324905396,26,0
angola,2015,-8.924553,13.172158,2.24707508087158,26,1
angola,2015,-9.045968,16.000738,-0.601799309253693,25,0
angola,2015,-8.879486,13.295112,2.01838231086731,15,1
angola,2015,-9.685429,14.441534,1.2455780506134,23,1
angola,2015,-12.473333,14.156655,-0.664640605449677,23,1
angola,2015,-15.210033,12.164757,0.516152620315552,26,1
angola,2015,-13.592402,13.946598,0.363805949687958,24,1
angola,2015,-15.117018,12.150391,0.07408157736063,24,1
angola,2015,-17.048687,16.503162,-0.926712393760681,26,0
angola,2015,-8.466017,15.260658,-0.366297990083694,24,1
angola,2015,-11.11256,23.708107,-0.660987973213196,18,0
angola,2015,-6.14914,12.359349,1.00487887859344,16,1
angola,2015,-9.677145,20.395768,0.847587108612061,26,1
angola,2015,-6.257807,14.21544,0.0811834558844566,18,1
angola,2015,-10.899427,16.091439,-0.419854015111923,16,0
angola,2015,-6.1072,14.628845,0.0676510483026505,25,1
angola,2015,-9.551154,16.360042,1.26608240604401,23,1
angola,2015,-12.757253,15.756708,2.03161025047302,20,1
angola,2015,-8.424109,20.735781,0.854675054550171,21,1
angola,2015,-15.186579,12.172009,1.74781095981598,26,1
angola,2015,-12.64765,13.377255,1.09580361843109,24,1
angola,2015,-9.004046,20.412949,-0.600243031978607,26,0
angola,2015,-8.780813,18.00381,-0.437932670116425,20,1
angola,2015,-17.193086,15.590494,-0.569460809230804,24,0
angola,2015,-8.808396,13.33674,1.30771827697754,21,1
angola,2015,-4.766244,12.51069,0.622179865837097,21,0
angola,2015,-8.845366,13.326872,1.39914536476135,26,1
angola,2015,-8.888918,13.483642,2.41503953933716,26,1
angola,2015,-15.224634,12.176025,0.624659240245819,25,1
angola,2015,-6.136926,12.35474,0.402161359786987,20,1
angola,2015,-9.320071,14.906135,1.63002264499664,24,1
angola,2015,-11.75671,19.922087,0.627189099788666,22,1
angola,2015,-6.142472,12.3597,0.927460849285126,20,1
angola,2015,-7.487095,16.22542,-0.862545192241669,26,0
angola,2015,-8.615344,13.546773,1.18750083446503,25,0
angola,2015,-4.653519,12.731428,0.46171373128891,17,0
angola,2015,-6.613281,15.776278,-0.887658059597015,25,0
angola,2015,-15.644771,20.891849,-0.598328590393066,24,0
angola,2015,-8.441921,20.717824,-0.357177495956421,25,1
angola,2015,-12.586147,13.427717,1.64208889007568,25,1
angola,2015,-5.601466,12.191756,1.75407111644745,25,1
angola,2015,-15.200578,12.168686,1.48762774467468,26,1
angola,2015,-17.957551,20.938078,-0.996087670326233,26,0
angola,2015,-10.71007,22.213614,-0.211427167057991,21,1
angola,2015,-11.775803,19.900256,1.45404553413391,26,1
angola,2015,-12.43178,16.778168,-0.387016206979752,16,0
angola,2015,-15.142602,12.177361,0.954135000705719,24,1
angola,2015,-17.778163,19.187323,-0.755380690097809,26,0
angola,2015,-15.014207,19.030061,-1.13403618335724,26,0
angola,2015,-12.528704,15.809659,-0.0518708899617195,22,0
angola,2015,-15.800169,11.858776,1.2640335559845,26,1
angola,2015,-9.330304,14.243508,-0.757603287696838,26,0
angola,2015,-7.617862,15.022488,1.42353761196136,21,1
angola,2015,-9.562791,16.324651,-0.166313752532005,26,0
angola,2015,-13.819753,21.485634,-0.969138383865356,25,0
angola,2015,-13.059614,15.782795,-0.452536046504974,26,0
angola,2015,-6.362546,16.414454,-1.12361717224121,21,0
angola,2015,-10.18092,21.354601,-1.06698977947235,26,0
angola,2015,-15.186028,12.160149,2.06081223487854,26,1
angola,2015,-9.26857,15.229294,0.81293648481369,23,1
angola,2015,-12.472245,16.470441,-0.845727920532227,26,0
angola,2015,-13.361194,14.13088,-0.898977160453796,26,0
angola,2015,-7.516461,15.699676,-0.775155901908875,26,0
angola,2015,-6.02191,15.75782,-0.963594496250153,26,0
angola,2015,-14.747984,14.979619,1.33210349082947,19,0
angola,2015,-17.033552,14.824684,-1.10993313789368,25,0
angola,2015,-9.019286,13.114102,1.1988799571991,26,0
angola,2015,-9.536969,17.788682,-0.64833128452301,20,0
angola,2015,-17.294477,16.029036,-0.860141754150391,26,0
angola,2015,-7.399771,20.822809,0.814126312732697,16,1
angola,2015,-8.910408,13.264357,2.27917885780334,26,1
angola,2015,-9.027422,13.386717,1.15247666835785,18,1
angola,2015,-16.180494,15.785886,-0.618681132793427,26,0
angola,2015,-7.220066,12.86575,0.480884730815887,25,1
angola,2015,-16.758898,15.877738,-0.587574124336243,26,0
angola,2015,-6.363958,16.657312,-1.06628155708313,24,0
angola,2015,-7.620021,16.177563,-0.992653787136078,26,0
angola,2015,-7.594098,15.039044,0.770413756370544,25,0
angola,2015,-13.042309,14.263358,-0.0704117640852928,25,1
angola,2015,-5.607514,12.200821,1.08814537525177,24,1
angola,2015,-11.970251,14.063479,-0.473292976617813,25,0
angola,2015,-11.866695,15.541286,-0.547267317771912,26,0
angola,2015,-5.593386,12.206088,1.95584332942963,21,1
angola,2015,-8.751703,15.380683,0.714113652706146,26,0
angola,2015,-8.804702,13.284991,1.70935559272766,26,1
angola,2015,-12.126117,17.61125,-1.15902256965637,26,0
angola,2015,-9.679307,14.427823,1.13892388343811,22,1
angola,2015,-8.546458,15.311492,-0.521506726741791,25,0
angola,2015,-11.368861,16.136431,-0.902432262897491,26,0
angola,2015,-12.225834,20.374857,-1.03250646591187,26,0
angola,2015,-5.563622,12.210229,1.38910591602325,23,1
angola,2015,-9.669557,20.367843,-0.437827527523041,21,1
angola,2015,-8.80611,13.277665,1.74939870834351,26,1
angola,2015,-8.589805,13.640789,1.41776072978973,23,1
angola,2015,-10.956056,14.587493,-0.48750028014183,23,1
angola,2015,-16.31879526,12.6137992,-1.21222531795502,25,0
angola,2015,-8.88011,13.385518,1.82129633426666,24,1
angola,2015,-15.599007,13.417271,-1.11173963546753,25,0
angola,2015,-12.222153,16.644706,-0.396741688251495,26,0
angola,2015,-6.069252,15.127256,0.337131202220917,24,1
angola,2015,-12.748934,15.683734,0.458764523267746,25,1
angola,2015,-8.886009,13.294562,1.000035405159,23,1
angola,2015,-12.757555,15.735795,0.369357198476791,24,1
angola,2015,-12.745172,15.768382,0.259255975484848,21,1
angola,2015,-9.484826,20.376952,-0.689303874969482,26,0
angola,2015,-17.371023,15.890687,0.172210350632668,22,1
angola,2015,-15.190237,12.185573,0.576553285121918,26,1
angola,2015,-11.668122,14.147692,-0.854611158370972,21,0
angola,2015,-11.890309,16.984376,-0.927709817886353,26,0
angola,2015,-7.239461,12.880279,0.464586079120636,25,1
angola,2015,-6.126775,12.340731,1.46322953701019,22,1
angola,2015,-11.750668,19.654028,-0.665876686573029,21,0
angola,2015,-11.653346,20.518765,-0.725575983524323,26,0
angola,2015,-15.178039,13.75617,-0.426737397909164,26,0
angola,2015,-8.878203,13.228434,1.57903146743774,16,1
angola,2015,-14.13470055,13.53974835,-0.863961040973663,26,0
angola,2015,-7.718385,14.122619,-0.869687259197235,21,0
angola,2015,-11.03028,17.05684,-0.548587083816528,26,0
angola,2015,-6.136623,12.379944,0.761878669261932,22,1
angola,2015,-14.66879,17.660465,0.226759985089302,25,1
angola,2015,-5.632512,12.17568,1.0977863073349,25,1
angola,2015,-8.763538,13.302935,1.74172294139862,26,1
angola,2015,-14.949819,13.473267,0.96632593870163,26,1
angola,2015,-13.166215,15.196275,-0.528072774410248,26,0
angola,2015,-16.709127,15.839561,-0.604178905487061,23,0
angola,2015,-8.977462,13.157576,0.933467209339142,22,1
angola,2015,-7.563906,15.018431,-0.500451028347015,25,1
angola,2015,-8.592545,13.654425,1.41779506206512,19,1
angola,2015,-15.188462,12.152522,1.99941647052765,26,1
angola,2015,-12.371358,13.590602,1.72269678115845,23,1
angola,2015,-13.619158,14.687235,-0.681308805942535,26,0
angola,2015,-14.908194,13.493841,1.79696393013,26,1
angola,2015,-14.350416,13.190048,-0.904541373252869,26,0
angola,2015,-6.031846,14.137272,-0.140923395752907,15,0
angola,2015,-6.972607,16.142523,-0.893955171108246,24,0
angola,2015,-11.929634,15.808367,-0.805923521518707,26,0
angola,2015,-6.342172,16.350166,-0.995616495609283,25,0
angola,2015,-8.656837,16.532002,0.67788028717041,22,0
angola,2015,-7.79601,15.23578,-0.584278702735901,24,0
angola,2015,-13.436207,18.883575,-0.702967524528503,26,0
angola,2015,-9.683938,20.393702,-0.301980257034302,26,1
angola,2015,-14.104494,21.425386,-0.540566563606262,26,1
angola,2015,-10.818325,14.419114,-0.0330285131931305,25,0
angola,2015,-9.518101,16.273402,0.268231242895126,23,0
angola,2015,-8.918549,13.234823,1.73934543132782,24,1
angola,2015,-7.926358,15.041177,0.0621454380452633,26,1
angola,2015,-14.328936,14.469405,-0.489343494176865,26,0
angola,2015,-16.84332,15.712141,-0.866581082344055,26,0
angola,2015,-9.298273,14.931836,0.980097353458405,24,1
angola,2015,-10.701804,22.240186,-0.373421221971512,26,1
angola,2015,-10.871485,14.687334,-0.499605149030685,25,0
angola,2015,-7.688141,21.36087,-0.0235558804124594,17,1
angola,2015,-17.997039,21.432267,1.05825567245483,26,0
angola,2015,-13.256458,15.614284,-0.508465707302094,23,1
angola,2015,-13.980614,13.098154,-1.13968729972839,26,0
angola,2015,-16.327725,22.032553,-0.157714143395424,25,1
angola,2015,-12.411371,16.92551,1.15518665313721,24,1
angola,2015,-8.88388,13.30658,1.30874919891357,14,1
angola,2015,-9.66931,14.471415,0.933831930160522,24,1
angola,2015,-17.175198,15.109984,-0.981859624385834,26,0
angola,2015,-11.525136,20.723092,-0.55421382188797,25,0
angola,2015,-8.65226,13.517859,1.24134635925293,25,0
angola,2015,-15.678227,15.788916,0.242533683776855,23,1
angola,2015,-14.705272,18.677123,-0.72392213344574,24,0
angola,2015,-17.048349,15.440339,-0.85539722442627,26,0
angola,2015,-11.270709,16.693282,-0.882916569709778,26,0
angola,2015,-7.852511,13.721998,-0.29122930765152,22,0
angola,2015,-14.927053,13.508683,1.16071712970734,25,1
angola,2015,-9.685911,14.441512,1.21873128414154,24,1
angola,2015,-7.227613,15.793235,-0.622973740100861,24,0
angola,2015,-13.179137,13.878191,-0.660904347896576,26,0
angola,2015,-8.630636,14.924763,-0.851663172245026,26,0
angola,2015,-16.431967,14.799341,-1.07993578910828,25,0
angola,2015,-8.905893,13.211567,0.207821309566498,25,1
angola,2015,-13.550179,16.014597,-0.0897746831178665,22,0
angola,2015,-9.834119,14.826709,-0.50689971446991,26,0
angola,2015,-15.191882,12.154841,1.1829479932785,26,1
angola,2015,-15.217429,12.131375,1.03168773651123,25,1
angola,2015,-8.748448,15.825732,-1.10571455955505,26,0
angola,2015,-17.00246,16.224902,-1.01292741298676,26,0
angola,2015,-11.899668,22.91323,-0.285924732685089,18,1
angola,2015,-8.679251,13.444547,1.46783220767975,26,1
angola,2015,-8.702282,13.449153,2.23670244216919,26,1
angola,2015,-12.100308,15.252124,-0.709757626056671,26,0
angola,2015,-8.84601,13.232315,2.41765356063843,22,1
angola,2015,-14.65584,17.760534,-0.67311704158783,26,0
angola,2015,-7.601551,15.208601,-0.586259484291077,25,0
angola,2015,-12.401092,13.577186,0.923033595085144,25,1
angola,2015,-9.556523,16.342303,0.831918895244598,24,1
angola,2015,-9.335639,14.930198,-0.666021943092346,26,0
angola,2015,-11.133521,14.920621,-0.494604200124741,24,0
angola,2015,-14.746594,13.716287,-0.692084312438965,26,0
angola,2015,-17.984013,20.775295,0.627624452114105,25,1
angola,2015,-12.490435,14.578187,-0.974379062652588,21,0
angola,2015,-9.177717,15.239061,-0.762248158454895,24,0
angola,2015,-14.73289297,14.07507131,-0.852964818477631,26,0
angola,2015,-11.147339,14.43988,-0.605204522609711,22,0
angola,2015,-10.736612,13.758538,1.9135650396347,25,1
angola,2015,-5.554035,12.257094,2.47031760215759,24,1
angola,2015,-9.668645,20.39878,1.38107824325562,26,1
angola,2015,-12.386492,16.93995,1.59234642982483,24,1
angola,2015,-9.552646,16.331424,0.414555907249451,23,1
angola,2015,-6.290605,14.242603,0.765343070030212,23,1
angola,2015,-15.814231,11.839615,1.9896388053894,26,1
angola,2015,-9.286521,14.919765,-0.142033651471138,23,1
angola,2015,-8.884638,13.256952,1.92428362369537,11,1
angola,2015,-13.818763,14.672862,0.543358325958252,22,1
angola,2015,-12.151271,17.011972,-0.836535692214966,24,0
angola,2015,-12.244322,15.570531,0.479944884777069,25,1
angola,2015,-5.583285,12.179857,1.94541776180267,25,1
angola,2015,-8.103137,20.849831,0.14299188554287,23,0
angola,2015,-6.194852,12.377163,1.13939881324768,26,1
angola,2015,-9.661695,20.402314,1.27830576896667,26,1
angola,2015,-12.37842,13.58616,1.75324988365173,24,1
angola,2015,-14.884396,13.514675,1.14042270183563,23,1
angola,2015,-12.902993,15.255636,-0.225325912237167,26,1
angola,2015,-7.624652,15.023038,1.28873896598816,26,1
angola,2015,-6.156192,12.380267,1.04712069034576,20,1
angola,2015,-12.589898,13.38909,1.53054213523865,22,1
angola,2015,-14.684206,17.696709,0.0458693727850914,26,1
angola,2015,-8.884093,13.197658,1.83044826984406,24,1
angola,2015,-12.776091,15.750252,1.29678678512573,22,1
angola,2015,-12.789576,15.735143,1.9873753786087,23,1
angola,2015,-11.787877,19.898533,1.8092714548111,26,1
angola,2015,-8.759273,13.407792,1.28666186332703,25,1
angola,2015,-8.924989,13.332303,1.77592480182648,23,1
angola,2015,-11.564515,19.969817,-0.856789350509644,26,0
angola,2015,-6.682383,15.780581,-0.907577335834503,26,0
angola,2015,-6.483018,12.740917,-0.461726605892181,26,0
angola,2015,-8.838489,13.312723,1.38811779022217,25,1
angola,2015,-8.35536,15.290673,-0.835335552692413,26,0
angola,2015,-8.201536,15.379319,0.223287686705589,21,1
angola,2015,-16.53083,15.498526,-0.963871479034424,25,0
angola,2015,-12.764324,15.716719,1.00565659999847,26,1
angola,2015,-8.777815,18.011171,-0.853082716464996,23,1
angola,2015,-8.631716,17.59608,-0.720917224884033,23,0
angola,2015,-9.544321,16.352572,1.68915617465973,25,1
angola,2015,-6.87962,12.78941,-0.66276603937149,26,0
angola,2015,-5.561586,12.178046,1.77279543876648,26,1
angola,2015,-8.18731,15.370707,0.414214640855789,25,1
angola,2015,-5.558469,12.188053,1.88424372673035,26,1
angola,2015,-8.506762,14.590192,-0.216243609786034,23,1
angola,2015,-6.1178,15.705339,-0.997908234596252,26,0
angola,2015,-9.636136,20.402054,-0.721824407577515,26,1
angola,2015,-11.788727,19.916287,0.199912130832672,26,1
angola,2015,-11.681726,15.706837,-0.767642080783844,25,0
angola,2015,-11.7862,23.046991,-0.853777050971985,26,0
angola,2015,-9.187707,14.019221,-0.511347234249115,25,0
angola,2015,-11.34572,17.279818,-1.18119823932648,26,0
angola,2015,-10.671992,22.191444,-0.930907666683197,25,0
angola,2015,-14.981837,14.355599,-0.769568204879761,26,0
angola,2015,-15.213961,12.124705,2.05720400810242,26,1
angola,2015,-8.926088,13.235646,1.41305303573608,26,1
angola,2015,-11.761382,14.727963,-1.04037535190582,26,0
angola,2015,-12.173636,17.473935,-0.922585725784302,26,0
angola,2015,-5.41625,12.479726,0.194221049547195,17,0
angola,2015,-17.370979,15.872234,0.960236072540283,20,0
angola,2015,-16.492412,15.108074,-1.16106569766998,26,0
angola,2015,-11.588237,20.723548,-0.56594842672348,24,0
angola,2015,-7.620949,15.060354,0.992369532585144,26,1
angola,2015,-12.403908,16.916294,0.0010953361634165,24,1
angola,2015,-8.943728,13.167671,1.19766235351562,24,1
angola,2015,-8.995648,13.408029,1.97870182991028,25,1
angola,2015,-14.676915,17.720213,-0.0811541229486465,26,1
angola,2015,-10.587051,14.519818,-0.764115750789642,25,0
angola,2015,-9.039109,14.696982,-0.857211470603943,22,0
angola,2015,-8.838518,13.299758,2.01857161521912,26,1
angola,2015,-11.333579,16.872665,-1.08196783065796,26,0
angola,2015,-11.088295,20.675662,-0.379166722297668,26,0
angola,2015,-8.888359,13.351783,1.62682557106018,16,1
angola,2015,-5.559894,12.23882,0.971448421478271,25,1
angola,2015,-8.390212,13.615746,0.884702503681183,26,0
angola,2015,-8.52747,17.819007,-1.06629955768585,26,0
angola,2015,-7.861994,13.114573,0.478336095809937,26,1
angola,2015,-17.330894,16.047011,-0.659458160400391,26,0
angola,2015,-7.764591,15.27465,-0.502711713314056,23,1
angola,2015,-13.980713,12.441555,-0.6440669298172,26,0
angola,2015,-7.523134,16.523395,-1.01375329494476,25,0
angola,2015,-12.468289,16.179789,-0.488113015890121,20,0
angola,2015,-8.434664,18.647106,0.0376060903072357,21,1
angola,2015,-12.36252,16.941282,0.0548413805663586,22,1
angola,2015,-9.994641,20.259191,-0.93499231338501,26,0
angola,2015,-15.113606,13.381176,-0.64599072933197,26,0
angola,2015,-9.49385,14.362298,-0.446505546569824,26,0
angola,2015,-7.994098,14.420852,-0.924298465251923,25,0
angola,2015,-6.921938,16.388001,-0.419792145490646,20,0
angola,2015,-9.790881,16.394363,-0.0333221592009068,23,0
angola,2015,-10.765318,15.312279,-1.01310670375824,23,0
angola,2015,-16.309373,14.387039,-0.931402444839478,26,0
angola,2015,-8.78074,13.358384,1.88064956665039,26,1
angola,2015,-11.501615,16.685102,-0.0756925791501999,25,1
angola,2015,-8.898778,13.258554,2.48882436752319,26,1
angola,2015,-14.894492,15.083481,1.22554540634155,26,1
angola,2015,-9.150102,14.7587,1.02650904655457,25,1
angola,2015,-15.381535,17.649758,-1.10648477077484,26,0
angola,2015,-5.572842,12.212001,1.1560515165329,24,1
angola,2015,-14.93925,13.555787,0.831579148769379,24,1
angola,2015,-16.547091,15.382307,-1.04049289226532,26,0
angola,2015,-9.642946,20.373784,-0.190432474017143,25,1
angola,2015,-7.363907,20.852452,1.32245433330536,20,1
angola,2015,-17.25423651,15.35987217,-0.571514308452606,22,0
angola,2015,-12.181217,15.860889,0.769303798675537,26,1
angola,2015,-8.843191,13.212217,2.34713101387024,18,1
angola,2015,-6.227983,12.385969,0.910715281963348,24,1
angola,2015,-8.233881,14.543561,-0.499279975891113,21,0
angola,2015,-6.15457,12.383856,1.1176506280899,23,1
angola,2015,-12.597102,13.405287,1.25187718868256,25,1
angola,2015,-11.541613,15.005293,-0.514413774013519,25,0
angola,2015,-16.29371,22.000934,-0.508349657058716,23,0
angola,2015,-15.113965,13.140603,-0.782068014144897,24,0
angola,2015,-6.443938,16.248438,-1.00125908851624,19,0
angola,2015,-9.532541,16.32986,0.558311283588409,26,1
angola,2015,-14.182435,14.974023,-0.872772932052612,26,0
angola,2015,-14.640794,17.67517,0.263610810041428,26,1
angola,2015,-7.689137,21.338893,-0.394140541553497,25,1
angola,2015,-9.664247,20.376121,0.542927503585815,25,1
angola,2015,-15.198495,12.175939,1.59967303276062,26,1
angola,2015,-9.657607,18.541375,-1.013955950737,25,0
angola,2015,-8.080817,14.297745,-0.4886554479599,25,0
angola,2015,-8.885105,13.228625,1.05099940299988,24,1
angola,2015,-8.802195,13.266555,1.75000286102295,23,1
angola,2015,-10.592947,21.985037,-0.830139517784119,26,1
angola,2015,-7.142868,13.839425,-0.793013989925385,25,0
angola,2015,-7.457489,19.988837,-1.04287052154541,21,0
angola,2015,-8.769534,13.294507,1.81311142444611,24,1
angola,2015,-7.081743,14.514718,-0.656105577945709,24,0
angola,2015,-13.497627,14.55262,-1.01591360569,26,0
angola,2015,-5.564441,12.214253,1.41537988185883,26,1
angola,2015,-8.527286,18.968733,-1.13217496871948,25,0
angola,2015,-16.75113,14.958213,-0.0018381257541477,25,1
angola,2015,-11.476675,16.695422,-0.0708077251911163,26,1
angola,2015,-8.436557,15.565167,-1.06651616096497,24,0
angola,2015,-9.297814,14.902042,1.62454259395599,22,1
angola,2015,-17.090074,15.715505,1.53305208683014,22,1
angola,2015,-9.221072,18.74613,-1.11931502819061,26,0
angola,2015,-9.236483,17.094778,0.15251387655735,25,0
angola,2015,-9.154759,14.842508,-0.735316514968872,26,0
angola,2015,-10.663814,17.72892,-0.368529945611954,25,0
angola,2015,-6.141359,12.368963,1.91925930976868,17,1
angola,2015,-14.520181,16.510784,-0.896689057350159,26,0
angola,2015,-13.297515,15.690327,-0.359602004289627,26,0
angola,2015,-6.20532,14.350379,-0.174629017710686,19,0
angola,2015,-14.645917,16.879158,-0.0472093746066093,26,1
angola,2015,-11.447325,20.157639,1.16129267215729,26,1
angola,2015,-12.583879,13.400636,2.3577446937561,26,1
angola,2015,-14.994294,15.580963,-0.924450695514679,23,0
angola,2015,-9.280456,14.920791,0.904691517353058,24,1
angola,2015,-11.57098,23.361531,-0.967126131057739,24,0
angola,2015,-17.050083,15.756045,1.22365486621857,22,1
angola,2015,-5.56263,12.181034,1.85760843753815,26,1
angola,2015,-8.842182,13.372865,0.652685582637787,24,1
angola,2015,-5.601281,12.203132,1.55226731300354,26,1
angola,2015,-11.781291,19.901074,0.570775628089905,24,1
angola,2015,-14.186295,21.754834,-0.973947405815125,26,0
angola,2015,-15.792962,14.685476,-0.624037325382233,26,0
angola,2015,-8.56921,13.65997,1.25596904754639,25,1
angola,2015,-10.870293,21.028448,-1.1035121679306,26,0
angola,2015,-6.948997,15.233172,-0.8835608959198,26,0
angola,2015,-8.532459,14.435204,-0.172636285424232,19,0
angola,2015,-14.745956,13.352693,0.132818266749382,26,1
angola,2015,-10.579056,13.933442,-0.621437311172485,26,0
angola,2015,-10.859722,14.366461,2.18105983734131,25,1
angola,2015,-8.810092,13.267939,1.86902451515198,21,1
angola,2015,-6.273186,14.222365,0.752579987049103,20,1
angola,2015,-12.782799,16.638175,-0.847841620445251,26,0
angola,2015,-17.066455,15.723962,0.514393091201782,25,1
angola,2015,-14.649836,17.633349,-0.573209762573242,25,1
angola,2015,-11.787048,19.903805,0.0535399466753006,24,1
angola,2015,-11.019789,14.524775,-0.784030199050903,23,0
angola,2015,-5.579874,12.264397,1.78663372993469,25,0
angola,2015,-9.650371,20.398658,1.25033843517303,26,1
angola,2015,-14.900837,13.450358,1.58799934387207,25,1
angola,2015,-11.679201,20.72579,-0.63178426027298,26,0
angola,2015,-6.267265,14.242675,1.95554411411285,22,1
angola,2015,-8.815457,13.284925,1.77759552001953,26,1
angola,2015,-11.401012,19.955278,-0.837687194347382,25,0
angola,2015,-17.346312,15.081268,-0.872138857841492,26,0
angola,2015,-7.382546,20.829875,1.08549737930298,23,1
angola,2015,-6.682822,13.621432,-0.590351343154907,26,0
angola,2015,-11.183774,13.874359,0.223414897918701,23,1
angola,2015,-9.29103,14.910762,0.363449573516846,25,1
angola,2015,-14.904591,15.036638,-0.541243314743042,26,0
angola,2015,-6.093092,14.634228,0.330328345298767,18,0
angola,2015,-6.247243,14.233357,0.687965750694275,20,1
angola,2015,-5.460454,12.263045,0.228296115994453,21,0
angola,2015,-14.672683,17.701226,1.11956036090851,25,1
angola,2015,-11.210642,13.860287,0.0027282759547233,23,1
angola,2015,-9.657063,20.427898,0.916045367717743,25,1
angola,2015,-14.683032,17.691598,1.19427943229675,25,1
angola,2015,-5.583678,12.185291,2.02407836914062,24,1
angola,2015,-12.517672,17.16662,-0.914244592189789,25,0
angola,2015,-11.239586,15.056222,-0.246421411633492,25,1
angola,2015,-14.725968,13.334796,0.396100401878357,23,0
angola,2015,-14.928041,13.495626,1.56608283519745,26,1
angola,2015,-8.107092,14.300463,-0.609860301017761,26,0
angola,2015,-6.194052,12.385102,1.12842381000519,23,1
angola,2015,-7.507942,20.879314,-0.860498785972595,24,0
angola,2015,-9.291857,14.903078,1.29471850395203,25,1
angola,2015,-8.952981,14.735918,-0.582151412963867,24,0
angola,2015,-15.184338,17.679085,-0.768266916275024,26,0
angola,2015,-9.151663,18.049515,-0.386650592088699,22,1
angola,2015,-14.914792,13.500418,1.78748846054077,24,1
angola,2015,-9.667143,20.382983,0.614905834197998,25,1
angola,2015,-17.86694892,19.70094675,0.774133026599884,26,0
angola,2015,-8.831449,13.289327,1.88257646560669,26,1
angola,2015,-7.380591,15.245777,-0.745790958404541,22,0
angola,2015,-8.449996,15.642042,-0.848126828670502,26,0
angola,2015,-7.706137,15.109037,-0.316730350255966,23,0
angola,2015,-9.994564,14.893594,0.311237663030624,21,1
angola,2015,-11.386566,16.252928,-0.800107359886169,26,0
angola,2015,-9.819209,19.428445,-1.08039724826813,24,0
angola,2015,-15.098232,12.193958,-0.453406691551208,25,0
angola,2015,-12.62094,13.199372,1.48958492279053,24,1
angola,2015,-13.009841,14.64419,0.460126161575317,20,1
angola,2015,-8.247006,13.693179,-0.476082056760788,25,0
angola,2015,-17.363562,14.580245,-0.823520600795746,26,0
angola,2015,-9.050558,13.398338,2.00580811500549,19,1
angola,2015,-8.801913,17.571556,-0.902436971664429,26,0
angola,2015,-5.560827,12.190331,1.66085350513458,26,1
angola,2015,-17.075566,15.735124,1.65331327915192,17,1
angola,2015,-11.995512,17.524312,-0.904716372489929,26,0
angola,2015,-8.996768,13.296866,2.46206212043762,26,1
angola,2015,-12.86683,15.558228,0.142327383160591,25,1
angola,2015,-8.89449,13.189041,2.32174110412598,21,1
angola,2015,-8.572583,13.665589,1.60072839260101,24,1
angola,2015,-8.174611,13.904657,-0.789733648300171,26,0
angola,2015,-8.153576,14.29421,-0.336973905563354,20,0
angola,2015,-8.75675,18.00022,-0.143081858754158,22,1
angola,2015,-10.849116,14.380338,1.03617548942566,23,1
angola,2015,-13.021571,14.988041,-0.870873510837555,25,0
angola,2015,-4.763034,12.539956,1.40194284915924,16,1
angola,2015,-9.455386,20.313244,-0.62364137172699,26,0
angola,2015,-12.370013,16.958689,0.203298211097717,25,1
angola,2015,-13.570678,15.342756,-0.647396326065063,25,0
angola,2015,-17.38301,15.940748,-0.789400577545166,25,0
angola,2015,-8.266589,16.849616,-1.0254317522049,26,0
angola,2015,-15.37235,13.648243,-1.19165349006653,26,0
angola,2015,-8.865322,13.238863,1.36445260047913,26,1
angola,2015,-5.634583,12.197471,0.871727645397186,24,1
angola,2015,-12.099259,15.943829,-0.653693974018097,26,0
angola,2015,-8.879802,13.192113,1.93717896938324,22,1
angola,2015,-8.412035,20.749445,0.685273945331573,24,1
angola,2015,-5.599102,12.171812,2.00467300415039,24,1
angola,2015,-6.263827,14.245849,2.00040125846863,26,1
angola,2015,-9.16117,16.002779,-0.678550481796265,24,0
angola,2015,-12.392508,13.558686,1.41100299358368,25,1
angola,2015,-13.622158,13.887782,-0.564045250415802,25,0
angola,2015,-12.767679,15.708661,1.40398275852203,25,1
angola,2015,-11.867772,18.007725,-0.779806435108185,26,0
angola,2015,-6.187185,12.391818,0.841050863265991,24,1
angola,2015,-10.976327,14.468968,-0.606703698635101,26,0
angola,2015,-12.14761,17.283612,-0.170774281024933,26,1
angola,2015,-5.010757,12.417037,-0.516036093235016,17,0
angola,2015,-8.939819,13.360567,2.25387787818909,26,1
angola,2015,-14.199159,14.335411,-0.993475019931793,25,0
angola,2015,-12.665981,13.371872,0.557303726673126,25,1
angola,2015,-8.762235,13.829197,-0.730846762657166,26,0
angola,2015,-12.482378,15.691132,-0.55132383108139,26,0
angola,2015,-9.541217,16.353957,1.7764720916748,26,1
angola,2015,-9.535045,16.321658,0.12470855563879,24,1
angola,2015,-6.309367,14.633572,-0.756153643131256,25,0
angola,2015,-8.886519,13.341449,1.7865834236145,20,1
angola,2015,-14.635504,17.675948,0.909859597682953,26,1
angola,2015,-11.363592,14.519354,-0.690893888473511,25,0
angola,2015,-11.862001,16.000895,-0.320293068885803,26,0
angola,2015,-11.789969,19.894687,0.893830060958862,24,1
angola,2015,-8.474255,16.029049,-1.02422297000885,26,0
angola,2015,-14.685378,17.7233,-0.175594553351402,26,1
angola,2015,-13.142859,16.880361,-1.08188259601593,26,0
angola,2015,-5.602341,12.168737,1.38925206661224,24,1
angola,2015,-15.095816,13.585636,-0.955054104328156,26,0
angola,2015,-14.083155,16.112515,-0.921806752681732,26,0
angola,2015,-8.654516,15.56037,-1.03607451915741,26,0
angola,2015,-8.877661,13.328496,1.95158612728119,24,1
angola,2015,-16.645546,15.057165,-1.05031454563141,26,0
angola,2015,-10.046804,18.753719,-1.11710941791534,25,0
angola,2015,-9.561632,16.338639,1.27245438098907,25,1
angola,2015,-8.849448,13.745452,-0.404157757759094,18,0
angola,2015,-12.693914,13.278901,-0.802488923072815,22,0
angola,2015,-14.651723,17.694186,0.745246946811676,25,1
angola,2015,-9.690671,20.389225,-0.132500067353249,26,1
angola,2015,-11.031441,15.158613,-0.691759824752808,25,0
angola,2015,-9.716145,15.212046,-0.0841656029224396,26,0
angola,2015,-11.810584,19.880331,-0.0714796110987663,18,1
angola,2015,-12.937289,13.103383,0.604349493980408,23,1
angola,2015,-12.608641,13.405403,1.20865988731384,25,1
angola,2015,-11.21576,14.33564,-0.491876482963562,24,1
angola,2015,-9.647017,20.410421,0.230247303843498,26,1
angola,2015,-5.918341,14.941477,-0.690529227256775,25,0
angola,2015,-9.551591,16.347177,2.31042814254761,26,1
angola,2015,-12.799667,15.751643,1.29231560230255,25,1
angola,2015,-12.428208,13.557574,1.51022481918335,24,1
angola,2015,-11.757293,16.570384,-1.03837466239929,26,0
angola,2015,-5.57374,12.214565,0.79203075170517,24,1
angola,2015,-9.649883,20.38363,0.353364646434784,26,1
angola,2015,-11.175249,15.014466,0.0920786932110786,23,0
angola,2015,-11.052217,14.519786,-0.759143352508545,15,0
angola,2015,-11.9643737,16.40832092,-0.833264052867889,26,0
angola,2015,-12.563493,13.407944,1.71863508224487,26,1
angola,2015,-8.779063,13.326867,1.83305680751801,26,1
angola,2015,-9.676609,20.347623,0.142178937792778,20,1
angola,2015,-6.152575,16.182671,-1.15943968296051,24,0
angola,2015,-8.786814,13.400348,1.49085104465485,25,1
angola,2015,-8.676808,13.438255,2.0144031047821,24,1
angola,2015,-7.690497,21.374453,0.398299545049667,25,1
angola,2015,-8.608122,13.614845,0.62386691570282,26,0
angola,2015,-7.412993,20.786074,2.33356380462646,26,1
angola,2015,-12.695117,15.564334,0.240491956472397,18,0
angola,2015,-11.556954,20.788713,0.130578204989433,19,1
angola,2015,-7.345495,14.844001,0.602012991905212,23,1
angola,2015,-14.672287,17.689214,1.00684583187103,25,1
angola,2015,-8.654541,14.412475,-0.242528483271599,25,0
angola,2015,-7.587538,15.02977,0.741667568683624,24,1
angola,2015,-15.102504,12.148766,0.412023991346359,25,1
angola,2015,-11.405368,17.241182,-0.44354248046875,25,1
angola,2015,-7.393741,20.825853,1.21598792076111,24,1
angola,2015,-7.381816,21.226968,-0.712437927722931,24,0
angola,2015,-8.822166,13.302827,1.48643660545349,26,1
angola,2015,-10.819499,14.366779,-0.431782454252243,25,0
angola,2015,-17.067699,15.731934,1.65300679206848,19,1
angola,2015,-6.108079,14.621644,-0.0771126672625542,25,1
angola,2015,-16.96477,22.101383,-0.889335572719574,23,0
angola,2015,-9.319708,14.922943,-0.231910184025764,25,1
angola,2015,-9.674049,20.366825,0.660555183887482,26,1
angola,2015,-10.842192,14.377599,0.883714616298676,23,1
angola,2015,-8.946969,13.367513,2.11566209793091,26,1
angola,2015,-14.737853,15.019009,0.255987346172333,22,1
angola,2015,-8.906526,13.391538,1.67990219593048,25,1
angola,2015,-16.691878,17.869482,0.662635147571564,26,0
angola,2015,-8.582921,13.644828,2.30254745483398,25,1
angola,2015,-12.271429,17.372913,-1.01152503490448,26,0
angola,2015,-12.491771,22.957202,-0.826770186424255,23,0
angola,2015,-6.137541,12.364993,0.798877894878387,20,1
angola,2015,-9.396739,15.615541,-0.537344992160797,25,0
angola,2015,-8.900478,13.377139,1.81434440612793,26,1
angola,2015,-14.664083,17.671813,0.230075344443321,26,1
angola,2015,-14.690727,17.7005,0.465042680501938,26,1
angola,2015,-10.507192,16.002527,0.132220327854156,19,1
angola,2015,-12.133326,14.477013,-0.997055113315582,26,0
angola,2015,-9.542212,16.327302,1.78537154197693,26,1
angola,2015,-12.553458,15.285808,-0.86758953332901,26,0
angola,2015,-9.31439,14.889099,0.612001419067383,22,1
angola,2015,-8.796784,13.291076,1.71952188014984,21,1
angola,2015,-9.658506,20.388494,2.12885761260986,25,1
angola,2015,-5.569105,12.197547,1.71351039409637,24,1
angola,2015,-9.667631,20.396229,1.3732658624649,26,1
angola,2015,-8.882319,13.241424,2.42387104034424,9,1
angola,2015,-5.595365,12.205135,0.778502881526947,25,1
angola,2015,-8.418882,15.224756,-0.641541838645935,25,0
angola,2015,-12.022027,17.473092,-0.294473618268967,25,1
angola,2015,-8.95761,13.17921,2.01865339279175,20,1
angola,2015,-8.779366,18.013809,-0.176093950867653,18,1
angola,2015,-8.536241,14.507418,-0.655403733253479,21,0
angola,2015,-17.372339,15.872094,0.738172233104706,19,1
angola,2015,-9.551882,16.361515,2.10623741149902,25,1
angola,2015,-6.062472,15.101683,-0.106428198516369,21,1
angola,2015,-12.439372,16.94878,0.313255459070206,25,1
angola,2015,-8.057345,15.68115,-0.789787769317627,24,0
angola,2015,-14.737601,13.347101,-0.641762375831604,24,1
angola,2015,-15.209066,12.14961,2.21360278129578,26,1
angola,2015,-8.80633,13.274043,1.97602105140686,26,1
angola,2015,-6.287846,13.609822,-0.855430662631989,24,0
angola,2015,-5.5762,12.224033,1.18389713764191,26,1
angola,2015,-15.214922,12.132611,1.52456140518188,26,1
angola,2015,-8.717116,14.803289,-1.0093240737915,25,0
angola,2015,-9.438776,16.724504,-0.404245167970657,23,0
angola,2015,-15.206464,12.162579,1.28365910053253,25,1
angola,2015,-14.053255,15.236557,-0.953579545021057,26,0
angola,2015,-9.208796,17.951637,-0.633534371852875,23,0
angola,2015,-13.313036,14.548733,-0.818602561950684,26,0
angola,2015,-13.49247,15.568244,-0.775540828704834,25,0
angola,2015,-12.944951,14.459271,-0.752059698104858,25,0
angola,2015,-5.568301,12.183562,1.97707200050354,25,1
angola,2015,-8.900741,13.357316,1.97300565242767,26,1
angola,2015,-8.487239,13.360051,1.07366693019867,26,1
angola,2015,-14.039748,13.330797,-0.876213848590851,26,0
angola,2015,-10.803945,14.528763,-0.297234386205673,25,0
angola,2015,-7.364602,20.807245,0.298785537481308,22,1
angola,2015,-11.851758,17.525598,-0.930822789669037,25,0
angola,2015,-11.798544,19.915291,1.43660485744476,25,1
angola,2015,-9.654975,20.421765,0.480799853801727,26,1
angola,2015,-8.455406,13.394526,-0.305726110935211,24,0
angola,2015,-9.414829,15.747933,-0.300981521606445,26,1
angola,2015,-8.774025,13.249513,1.98854780197144,26,1
benin,2012,11.3792809373,2.43987528786,-0.34385821223259,22,1
benin,2012,11.304136131,2.42197417323,0.762932479381561,19,1
benin,2012,11.5651242977,2.53582583145,-0.222389593720436,22,0
benin,2012,11.4759611783,2.53532504486,-0.119783453643322,22,0
benin,2012,11.3684497565,2.46599161623,-0.213007152080536,23,0
benin,2012,11.1918000004,2.26677899885,-0.60703182220459,23,0
benin,2012,11.3487943672,2.53980865775,-0.493583351373672,24,0
benin,2012,11.2221044085,2.34551714223,-0.528872966766357,20,0
benin,2012,11.3206441794,2.53661684321,-0.281833678483963,24,0
benin,2012,11.3330720968,2.34340309629,-0.4806227684021,22,0
benin,2012,11.2605139643,2.36242162157,-0.541553199291229,24,0
benin,2012,10.83898416,2.83333173757,0.566674172878265,23,1
benin,2012,10.7827406763,2.81142446066,-0.565480589866638,23,1
benin,2012,10.7923563494,2.74452220676,-0.0631342455744743,24,0
benin,2012,10.6703252539,2.67923842913,-0.563002705574036,24,0
benin,2012,10.6363524718,2.73639735223,-0.243420362472534,23,0
benin,2012,10.7443808708,2.97016667196,-0.328983068466187,23,0
benin,2012,11.185975547,2.9529880776,-0.228593453764915,23,1
benin,2012,11.121992997,2.93696809322,1.02695059776306,24,1
benin,2012,11.1549223622,2.97622035055,-0.227276548743248,24,1
benin,2012,11.2985085404,3.13492779847,-0.557920753955841,23,0
benin,2012,10.9879355195,3.12670574165,-0.470261633396149,24,0
benin,2012,10.9841312448,2.84108709555,-0.507810235023499,23,0
benin,2012,10.9318062741,2.74516960445,-0.277596473693848,23,0
benin,2012,11.1044211944,2.75556395167,-0.182530343532562,23,0
benin,2012,11.9350497193,3.19565432846,-0.416800051927567,24,0
benin,2012,11.9453749116,3.24487886351,-0.941930055618286,22,0
benin,2012,12.1617479696,3.02561602158,-0.764488458633423,23,0
benin,2012,12.3702505972,2.83892369265,-0.854582905769348,23,0
benin,2012,12.065901315,3.18820218595,-0.476785480976105,24,0
benin,2012,11.8510681652,3.39155430315,-0.18685682117939,23,1
benin,2012,11.8539964984,3.38729571267,0.274556964635849,22,1
benin,2012,11.8599101142,3.38775653441,0.927305579185486,18,1
benin,2012,11.8069087047,3.38035948303,-0.622097313404083,21,1
benin,2012,11.7640251455,3.47921893886,-0.302790522575378,24,0
benin,2012,11.8082785038,3.37496572185,-0.191447570919991,24,0
benin,2012,11.7673303025,3.21114609214,-0.614345014095306,22,0
benin,2012,11.5840713334,3.51502272946,-0.564614057540894,22,0
benin,2012,11.6815572061,3.52141275231,-0.367016166448593,22,0
benin,2012,10.9583035001,3.64314846393,-0.364033967256546,23,1
benin,2012,10.9224853332,3.67515775393,0.25665220618248,23,1
benin,2012,10.9008227137,3.52203503341,-0.488014578819275,24,0
benin,2012,10.8047868161,3.43383958639,-0.194384813308716,24,0
benin,2012,10.1760631376,1.1075768913,-0.10549534112215,24,1
benin,2012,10.2038775139,1.02862467903,-0.635786652565002,24,1
benin,2012,10.3050493737,0.939671343058,-0.655768811702728,24,0
benin,2012,10.281696691,1.03269468579,-0.897288143634796,24,0
benin,2012,10.1870715756,1.28906299912,-0.907382607460022,24,0
benin,2012,10.3514918939,1.11915217487,-0.828289330005646,24,0
benin,2012,10.3270312048,1.09576901988,-0.850759565830231,24,0
benin,2012,10.4043425069,1.00764207445,-0.775844216346741,23,0
benin,2012,10.5235019532,1.05094994154,-0.491093784570694,24,1
benin,2012,10.5140454921,0.951291269255,-0.895256459712982,24,1
benin,2012,10.3632922227,0.860884419195,-0.528850972652435,24,0
benin,2012,10.4096408434,0.944260630588,-0.793049216270447,22,0
benin,2012,10.5530650585,1.0078204564,-0.771039843559265,24,0
benin,2012,10.8035189427,2.19628562552,-0.493135780096054,23,1
benin,2012,10.8163552952,2.09368007749,0.292169779539108,24,1
benin,2012,10.8395093204,2.11361705414,0.820922136306763,24,1
benin,2012,10.6636324911,2.08425287513,-0.404933035373688,24,0
benin,2012,10.8970792409,1.84770076689,-0.443741649389267,23,0
benin,2012,10.3435218496,1.68722948408,0.454710155725479,24,1
benin,2012,10.3674248676,1.69703542272,-0.107148975133896,24,1
benin,2012,10.045228175,1.56853535131,-0.362100720405579,24,0
benin,2012,10.026112167,1.48436598772,-0.334605515003204,24,0
benin,2012,10.549308536,1.71773826728,-0.241247594356537,24,0
benin,2012,10.3084419519,1.65877684552,0.0952142179012299,24,0
benin,2012,10.3174790508,1.63026324209,-0.271010160446167,23,0
benin,2012,10.6826564084,1.12177742124,-0.599327683448792,24,1
benin,2012,10.7084545901,1.11107643456,0.492487132549286,24,1
benin,2012,10.8431177085,1.09589764989,-0.414301693439484,24,0
benin,2012,10.8399005832,1.11669387947,-0.526940882205963,24,0
benin,2012,10.7765497498,0.9310759384,-0.577994644641876,24,0
benin,2012,10.631024405,0.988795890426,-0.620421767234802,24,0
benin,2012,10.8143682765,0.963355261971,-0.459206879138947,24,0
benin,2012,10.8419521141,1.01158153508,-0.51609081029892,24,0
benin,2012,10.2785389986,1.3870704383,0.681309521198273,24,1
benin,2012,10.32399725,1.36873296757,0.431657940149307,24,1
benin,2012,10.2919340052,1.37891279408,1.67293238639832,23,1
benin,2012,10.2062713694,1.39999113396,-0.549723148345947,24,1
benin,2012,10.3958112423,1.38909534929,-0.609956741333008,24,1
benin,2012,10.3089887021,1.53899816846,-0.220244765281677,24,0
benin,2012,10.2993821632,1.22623212478,-0.770413339138031,23,0
benin,2012,10.1635004557,1.42694143719,-0.775066733360291,24,0
benin,2012,10.0942079035,1.43061922074,-0.415703147649765,23,0
benin,2012,10.0408322361,1.40462892895,-0.586899161338806,23,0
benin,2012,10.2215912317,2.0043314511,0.271660804748535,24,1
benin,2012,10.2573234547,1.98588399402,-0.306041210889816,22,1
benin,2012,10.2489729096,2.01530986632,-0.396433591842651,23,1
benin,2012,10.3331691547,1.92701922488,-0.270411968231201,24,0
benin,2012,10.2461368543,2.07018848804,-0.136770263314247,24,0
benin,2012,10.6301099175,1.26768713627,0.633818566799164,23,1
benin,2012,10.610474307,1.28144916396,0.861587166786194,24,1
benin,2012,10.6276710344,1.27134588279,-0.656267046928406,24,1
benin,2012,10.5986887658,1.32312177244,-0.300413906574249,24,0
benin,2012,10.4730251632,1.18223964051,-0.947382569313049,24,0
benin,2012,10.9002119993,1.48270580567,-0.697928309440613,24,0
benin,2012,10.4917739846,1.23909478001,-0.764723658561707,24,1
benin,2012,10.4943746479,1.40344515094,-0.812674641609192,22,1
benin,2012,10.4943401003,1.45436421462,-0.608954548835754,22,0
benin,2012,10.4424057832,1.26616484422,-0.906989574432373,23,0
benin,2012,6.39640713339,2.30944318023,0.895061552524567,20,1
benin,2012,6.40862472821,2.29255007202,1.26298725605011,24,1
benin,2012,6.39861958661,2.27004657372,1.32219004631042,22,1
benin,2012,6.35785845571,2.30707399496,0.593331456184387,23,1
benin,2012,6.39834517874,2.31411396167,1.24315941333771,22,1
benin,2012,6.39279414806,2.31750718848,1.20765423774719,20,1
benin,2012,6.41141320186,2.32136428538,1.23245692253113,21,1
benin,2012,6.39452452945,2.35354834126,1.27586483955383,22,1
benin,2012,6.40359212839,2.33561471894,0.961801588535309,21,1
benin,2012,6.39676395601,2.33867819297,1.40724778175354,20,1
benin,2012,6.39563948835,2.32822029182,1.28923845291138,19,1
benin,2012,6.39828593502,2.34171932716,1.47862601280212,16,1
benin,2012,6.40219573029,2.33859883892,1.14115214347839,22,1
benin,2012,6.36149076872,2.31392578142,1.13871610164642,18,1
benin,2012,6.6131658542,2.36778528034,-0.106228448450565,24,1
benin,2012,6.44474172703,2.33654208169,1.45597887039185,21,1
benin,2012,6.45476425807,2.33335545862,1.49480843544006,22,1
benin,2012,6.46002364658,2.35561,1.02509760856628,22,1
benin,2012,6.4575016767,2.35808972343,1.5563588142395,22,1
benin,2012,6.47804695684,2.3615674252,1.35391271114349,22,1
benin,2012,6.56740237027,2.34906642013,0.122111827135086,20,0
benin,2012,6.51827664966,2.36902870299,-0.0057919952087104,21,0
benin,2012,6.58587266497,2.31579,-0.0428772568702698,24,0
benin,2012,6.43078713361,2.23704512341,0.980994701385498,24,0
benin,2012,6.45745264938,2.26694033221,0.464000791311264,21,0
benin,2012,6.47886164507,2.33177907917,0.0471345037221909,24,0
benin,2012,6.65523629636,2.14806232771,1.09073066711426,24,1
benin,2012,6.66721181918,2.13949554411,1.21343898773193,24,1
benin,2012,6.66521414272,2.15012288361,1.10746347904205,24,1
benin,2012,6.67375559936,2.11771132912,-0.171659663319588,24,0
benin,2012,6.68441549189,2.19437222783,-0.204357773065567,24,0
benin,2012,6.73881813394,2.16257469219,0.914965510368347,24,0
benin,2012,6.74110555971,2.1792020949,-0.497421592473984,24,0
benin,2012,6.77130916408,2.15357062385,-0.0680373832583427,24,0
benin,2012,6.61626166135,2.09657525443,-0.26190048456192,24,0
benin,2012,6.66814061555,2.20553947454,-0.704259097576141,24,0
benin,2012,6.61317509347,2.22546644795,0.373990923166275,24,0
benin,2012,6.634380702,2.24210001614,-0.343494802713394,24,0
benin,2012,6.46379709405,2.0352057623,-0.339588820934296,24,0
benin,2012,6.34596252352,1.97752121827,-0.315590858459473,24,0
benin,2012,6.54731356045,2.03716782705,-0.44103667140007,23,0
benin,2012,6.54569339335,1.99674858162,0.441978693008423,23,0
benin,2012,6.51749086644,2.01549800553,-0.109184734523296,24,0
benin,2012,6.43181132013,1.98441392896,-0.145624130964279,23,0
benin,2012,6.46065849683,2.02564752041,0.276419907808304,23,0
benin,2012,6.46984044501,2.00428439282,0.409188747406006,23,0
benin,2012,6.36628664637,2.08872683081,1.26791286468506,24,1
benin,2012,6.37695191218,2.07546023261,1.20268273353577,23,1
benin,2012,6.36498398585,2.07772482719,1.11658763885498,24,1
benin,2012,6.36960161298,2.0885231643,1.26784801483154,24,1
benin,2012,6.37950431778,2.09380040997,1.03374063968658,23,1
benin,2012,6.36100485428,2.2531471741,0.212103933095932,24,0
benin,2012,6.44671598299,2.16366863781,0.709681272506714,24,0
benin,2012,6.30939130963,2.01241840459,-0.114754982292652,24,0
benin,2012,6.37834018579,2.16886926089,0.346655547618866,23,0
benin,2012,6.37002034393,2.22340725447,0.734765589237213,24,0
benin,2012,6.44918072164,2.0995919666,-0.409388512372971,24,0
benin,2012,6.61412132097,2.41720088786,-0.414293766021729,24,0
benin,2012,6.5670722438,2.40016865674,-0.340082496404648,24,0
benin,2012,6.48914934171,2.48015086176,-0.107840448617935,24,0
benin,2012,6.47087340681,2.39114906403,-0.204826325178146,23,0
benin,2012,6.49870246394,2.42078486744,-0.015319436788559,17,0
benin,2012,6.52558709648,2.45587915054,-0.590671420097351,23,0
benin,2012,6.5549561381,2.43047711538,-0.788856148719788,24,0
benin,2012,6.49549037964,2.46451369015,0.0297602750360966,23,0
benin,2012,6.49438903553,2.41102759508,-0.207843899726868,22,0
benin,2012,6.55881798206,2.4240335283,-0.15235148370266,23,0
benin,2012,6.78827508153,2.08314872023,-0.840154945850372,24,0
benin,2012,6.80074923146,2.16577084233,0.317981272935867,21,0
benin,2012,6.83899548444,2.12039516176,-0.553159236907959,23,0
benin,2012,6.83381472139,2.25920835111,-0.416184306144714,20,0
benin,2012,6.83936657685,2.23020339793,-0.0148844085633755,22,0
benin,2012,6.76865236998,2.07293358191,-0.617092370986938,23,0
benin,2012,6.85887840829,2.16169183055,-0.308918207883835,19,0
benin,2012,6.77005715265,2.11080260516,-0.197261095046997,23,0
benin,2012,6.92691850069,2.25127092434,0.193944185972214,22,0
benin,2012,6.930918713,2.28265992851,0.284033715724945,21,0
benin,2012,6.50361600874,2.15864037338,-0.0732912719249725,24,1
benin,2012,6.55312788041,2.1274873459,-0.0865583866834641,24,1
benin,2012,6.5735885593,2.11285328822,0.127912193536758,23,0
benin,2012,6.55977981212,2.10616487474,-0.309867650270462,23,0
benin,2012,6.55586842429,2.22034124316,-0.190130665898323,24,0
benin,2012,6.57433825797,2.18893285985,-0.388402283191681,24,0
benin,2012,6.49664951598,2.1621838321,0.069446936249733,23,0
benin,2012,6.75079144398,2.30556799644,-0.154711037874222,24,1
benin,2012,6.73078439732,2.33009562267,-0.434537917375565,24,1
benin,2012,6.73798820643,2.2994058112,0.493446230888367,24,0
benin,2012,6.86401693148,2.37938867995,-0.480998873710632,24,0
benin,2012,6.82404444285,2.33641791696,-0.444070905447006,24,0
benin,2012,6.76730933346,2.27307236804,-0.194796591997147,24,0
benin,2012,6.84032427129,2.41637940004,-0.502909898757935,24,0
benin,2012,6.61650312534,2.29039214635,0.135207131505013,24,0
benin,2012,6.60725526159,2.27923187749,-0.0718144029378891,24,0
benin,2012,10.1711024129,2.64313996714,-0.298463642597198,23,1
benin,2012,10.2400246636,2.67176372484,0.567058801651001,24,1
benin,2012,10.5218640225,2.79600786533,-0.294573932886124,24,0
benin,2012,10.1614051003,2.84857463095,0.214285299181938,24,0
benin,2012,10.4259342367,2.72447634001,-0.158464670181274,24,0
benin,2012,10.027036085,2.61115886701,-0.292863696813583,24,0
benin,2012,10.070585582,2.68578406592,-0.437010258436203,24,0
benin,2012,10.300430034,3.32170817477,-0.0430262126028538,24,1
benin,2012,10.2833968999,3.37769182475,-0.513792872428894,24,1
benin,2012,10.5774975796,3.80871434568,-0.325996607542038,24,0
benin,2012,10.2463635729,3.15648452379,-0.0756387412548065,24,0
benin,2012,10.2364702043,3.11487681617,-0.360035628080368,24,0
benin,2012,10.2008646433,3.23671490305,-0.531940221786499,24,0
benin,2012,10.2448937278,3.19324083543,-0.201330274343491,24,0
benin,2012,9.86144735113,2.73238519044,0.100820958614349,23,1
benin,2012,9.87250548179,2.7293608185,0.380288422107697,24,1
benin,2012,9.76344326475,2.45553887094,-0.00842612888664,22,0
benin,2012,9.80565012396,2.64595828669,-0.0996405705809593,24,0
benin,2012,9.60457851454,2.64157242037,-0.633463442325592,22,0
benin,2012,9.43542079561,2.65869090437,-0.413291603326797,23,0
benin,2012,9.92291793173,3.2087473598,0.881132066249847,23,1
benin,2012,9.85202052145,3.18322469116,-0.492702543735504,22,1
benin,2012,10.0575130629,3.37776932348,-0.715916156768799,24,1
benin,2012,9.91139921151,2.92528926073,-0.345754712820053,22,0
benin,2012,10.0171091107,2.92662,-0.593557357788086,24,0
benin,2012,9.91226230257,2.99069028005,-0.397077620029449,24,0
benin,2012,9.86972546969,3.0262144271,-0.337335914373398,24,0
benin,2012,9.69614903848,3.23663661172,-0.552263975143433,24,0
benin,2012,9.34539034949,2.59361259854,0.910893142223358,24,1
benin,2012,9.33398686565,2.61034744815,1.26660549640656,22,1
benin,2012,9.35271643714,2.61368499571,1.3214259147644,20,1
benin,2012,9.34852091579,2.53389474863,-0.499126136302948,19,1
benin,2012,9.33325086307,2.62788462003,0.873916685581207,23,1
benin,2012,9.31578977703,2.6367389655,1.11925375461578,22,1
benin,2012,9.34937762532,2.63872266262,1.66863083839417,24,1
benin,2012,9.32925776499,2.6327007994,1.066086769104,21,1
benin,2012,9.32084356977,2.6372520497,1.12532687187195,20,1
benin,2012,9.33342810813,2.63245077318,0.946733474731445,22,1
benin,2012,9.34469945593,2.64943507947,0.370518714189529,22,1
benin,2012,9.35218618957,2.62196063258,0.977269351482391,22,1
benin,2012,9.35180457671,2.62353204667,1.2908730506897,23,1
benin,2012,9.39099497498,2.64523828692,1.31353318691254,21,1
benin,2012,9.78911868909,2.99021999989,0.780085027217865,24,1
benin,2012,9.80266989181,2.98558284367,0.640005588531494,24,1
benin,2012,9.54678865622,2.96644477409,-0.0806632712483406,24,0
benin,2012,9.7909176583,2.97724221756,-0.299748659133911,24,0
benin,2012,10.511844731,2.48002718448,0.110004134476185,22,1
benin,2012,10.3610246337,2.4183750845,-0.673593282699585,21,1
benin,2012,10.0935556251,2.43131762102,0.183486714959145,21,0
benin,2012,10.4480498756,2.45887160507,-0.118814930319786,20,0
benin,2012,10.1815557644,2.39889275548,-0.160505264997482,24,0
benin,2012,8.87992848996,2.59910688559,-0.234610423445702,23,1
benin,2012,8.88982411084,2.59338147186,1.08040809631348,24,1
benin,2012,8.94014090987,2.59496754801,0.46894383430481,23,1
benin,2012,8.89501305161,2.62443782957,0.117102339863777,24,0
benin,2012,9.15650424335,2.14315923673,-0.811939656734467,19,0
benin,2012,9.1879337904,3.05923140722,-0.492264777421951,23,0
benin,2012,9.16732460332,3.0327859504,-0.0345201902091503,23,0
benin,2012,9.26595799887,2.39748720843,-0.100860476493835,21,0
benin,2012,9.14923230513,2.58687757361,0.811375081539154,24,0
benin,2012,9.14523491668,2.57683710549,-0.29112982749939,24,0
benin,2012,8.41619472866,1.8714977007,0.839185297489166,24,1
benin,2012,8.42371267851,1.89737487918,0.340942621231079,24,1
benin,2012,8.2865377638,1.9599441509,-0.075466699898243,24,0
benin,2012,8.47548800356,1.8620969257,0.357070446014404,24,0
benin,2012,8.4572275924,1.98632440418,-0.0933569297194481,24,0
benin,2012,8.13485630118,1.92589099264,0.164490148425102,23,0
benin,2012,8.27118122474,1.73905276562,-0.168184101581573,23,0
benin,2012,8.48458043569,1.73681871447,0.196125864982605,24,0
benin,2012,7.77979682456,2.2055653032,1.31564438343048,24,1
benin,2012,7.80596455644,2.17874499091,0.268841922283173,24,1
benin,2012,7.78358776357,2.19138488569,1.12166059017181,24,1
benin,2012,7.77245622262,2.36615738559,-0.244944185018539,23,0
benin,2012,7.82456799629,2.20170668774,-0.076420284807682,24,0
benin,2012,7.67606872826,2.13481849805,-0.210772752761841,23,0
benin,2012,7.65727494229,2.27311395218,-0.389161914587021,24,0
benin,2012,7.63940532002,2.20939958479,-0.269792556762695,24,0
benin,2012,7.6801676755,2.26031629699,0.573685050010681,23,0
benin,2012,7.77164483721,2.27519365899,0.0149423936381936,24,0
benin,2012,7.71609759902,2.18930071878,-0.127471908926964,22,0
benin,2012,7.97328616357,2.23871306816,0.823144614696503,24,1
benin,2012,7.97664681011,2.24840604083,0.900372982025146,23,1
benin,2012,8.21251767606,2.14587291295,-0.0245882477611303,24,0
benin,2012,8.19609661412,2.18841983345,-0.651826679706573,24,0
benin,2012,8.14579710089,2.23968425487,-0.206773310899734,24,0
benin,2012,7.94839860817,2.20987178895,-0.265193611383438,24,0
benin,2012,8.01399192255,2.23509585066,-0.224716231226921,24,0
benin,2012,8.07741493634,2.13523807965,-0.549511611461639,22,0
benin,2012,7.84336176995,2.24304567156,-0.220840781927109,24,0
benin,2012,7.99719658908,2.29608127962,0.136188641190529,24,0
benin,2012,7.95622495482,2.2512224464,0.497352451086044,23,0
benin,2012,8.48956119111,2.42935796873,0.418928861618042,24,1
benin,2012,8.48661587344,2.43393689633,0.453770667314529,23,1
benin,2012,8.32813702356,2.42994131525,-0.117017053067684,24,0
benin,2012,8.45552648919,2.31884453909,-0.854606807231903,24,0
benin,2012,8.56167204929,2.60272845316,0.236141741275787,23,0
benin,2012,8.51344636701,2.42090552329,0.309498429298401,24,0
benin,2012,8.4934843354,2.40650405443,0.279595047235489,23,0
benin,2012,8.67129075775,2.6209705091,-0.276149481534958,24,0
benin,2012,8.71632102544,2.66707575488,-0.207743167877197,24,0
benin,2012,7.92091969157,1.98499082052,0.842659413814545,23,1
benin,2012,7.87569965377,1.81949618966,-0.577386200428009,23,1
benin,2012,7.92643482157,1.970842235,0.839365720748901,24,1
benin,2012,8.01447760939,1.92226910329,-0.280379325151443,23,1
benin,2012,7.7334649501,1.78258581799,-0.376331478357315,23,0
benin,2012,8.06171414601,1.76080982789,-0.451543748378754,24,0
benin,2012,8.0173885314,1.9764230023,-0.0785121247172356,24,0
benin,2012,7.96525395447,2.10707840658,-0.215160235762596,24,0
benin,2012,7.85291735405,1.68068841837,-0.402927309274673,24,0
benin,2012,7.89149903134,2.07394342325,0.73084682226181,24,0
benin,2012,7.90293953021,2.08238033485,0.164636984467506,24,0
benin,2012,7.93751040468,1.96215920996,-0.0470830947160721,24,0
benin,2012,7.84013961322,1.78222741596,-0.739216983318329,21,0
benin,2012,8.03359032213,2.49724520919,0.842026054859161,24,1
benin,2012,8.04193450663,2.48430952824,0.554382920265198,24,1
benin,2012,8.03181717171,2.48238167191,-0.176555395126343,24,1
benin,2012,8.03436068836,2.49248624111,0.770466685295105,24,1
benin,2012,8.28047121383,2.67231606682,0.0486963205039501,24,0
benin,2012,8.03830351608,2.39008148945,0.0840863659977913,24,0
benin,2012,8.18168937299,2.73254340089,-0.109452098608017,24,0
benin,2012,8.13147955037,2.54594713225,0.215660870075226,24,0
benin,2012,6.9729706699,1.59610924031,-0.306529253721237,24,1
benin,2012,6.97070869522,1.66371242505,-0.17523817718029,24,1
benin,2012,6.93813289393,1.67365883499,1.08255887031555,24,1
benin,2012,7.24930367746,1.66375729778,-0.257326722145081,23,0
benin,2012,6.99445021112,1.71067673346,0.0157670006155968,23,0
benin,2012,6.92654300327,1.69730412405,0.211256012320518,23,0
benin,2012,6.96851357338,1.70664376394,0.175741329789162,24,0
benin,2012,7.02154855075,1.67849123358,-0.331819832324982,24,0
benin,2012,7.13664774387,1.72271714357,-0.335446745157242,23,0
benin,2012,7.01803929747,1.70844184494,0.0365223623812199,24,0
benin,2012,7.16997623443,1.66413435398,-0.237751007080078,24,0
benin,2012,6.90397567682,1.70410463866,0.42777881026268,23,1
benin,2012,6.89538107194,1.74187095155,-0.566035032272339,24,1
benin,2012,6.85402879913,1.69093524392,-0.447588533163071,24,0
benin,2012,6.92994691546,1.75046696992,-0.0844967663288116,24,0
benin,2012,6.83452685132,1.71945167051,-0.138372421264648,22,0
benin,2012,6.93006626573,1.7308170675,-0.34684881567955,24,0
benin,2012,6.88014220318,1.75288915216,-0.413800418376923,23,0
benin,2012,6.84313848179,1.67019509378,-0.512480854988098,24,0
benin,2012,6.87980285581,1.64692624924,-0.288559556007385,24,0
benin,2012,6.79708567059,1.78573442505,0.370763003826141,19,1
benin,2012,6.78062742807,1.78118430972,0.293294072151184,22,1
benin,2012,6.78210218985,1.83119242752,-0.362202674150467,23,1
benin,2012,6.79264195265,1.77871960761,-0.26626381278038,23,1
benin,2012,6.79978741452,1.77780353944,-0.456008791923523,21,0
benin,2012,6.76314816834,1.69622837563,-0.11109035462141,20,0
benin,2012,6.7459108917,1.76830416526,-0.171840324997902,23,0
benin,2012,6.76622118054,1.78616458273,-0.101113498210907,24,0
benin,2012,6.79594109214,1.84370974444,-0.48475381731987,23,0
benin,2012,6.83034500947,1.85553292957,-0.422818750143051,24,0
benin,2012,6.97247921231,1.8468743976,0.862970173358917,21,1
benin,2012,6.96240405891,1.84296641467,-0.0867531597614288,23,1
benin,2012,7.02454727282,1.79331010086,0.199017509818077,23,0
benin,2012,7.0389164691,1.8896295891,-0.751282393932343,24,0
benin,2012,6.96395544944,1.81540084167,0.0170510746538639,24,0
benin,2012,6.95594578089,1.80525960494,-0.452765554189682,22,0
benin,2012,7.03215507718,1.82740027451,-0.312130630016327,24,0
benin,2012,7.0478475204,1.83430463344,-0.654937267303467,24,0
benin,2012,6.9972400483,1.87129092934,-0.479617238044739,24,0
benin,2012,6.92527656675,1.88691921436,0.712263524532318,23,1
benin,2012,6.93230604631,1.87096793033,0.0433085598051548,24,1
benin,2012,6.88948820352,1.96589486575,-0.234539568424225,23,0
benin,2012,6.86674284283,1.96620267011,-0.298751085996628,24,0
benin,2012,6.9303003973,1.94070526601,-0.318229377269745,24,0
benin,2012,6.81642578572,1.94810743837,-0.264016896486282,23,0
benin,2012,6.87454083482,1.86812189166,0.199797332286835,24,0
benin,2012,6.90826372663,2.03263560941,-0.388189762830734,24,0
benin,2012,6.81937684298,1.95985600537,-0.786068797111511,24,0
benin,2012,6.89282411015,1.8355342979,0.15624512732029,24,1
benin,2012,6.87661119232,1.81567637143,-0.110015369951725,21,1
benin,2012,6.93225421993,1.86407293294,0.11925470083952,22,0
benin,2012,6.85601538128,1.81579490996,-0.185634762048721,24,0
benin,2012,6.94203478132,1.78238650741,-0.0574666224420071,24,0
benin,2012,6.90167075866,1.77632457013,-0.36323481798172,24,0
benin,2012,9.00905345607,1.66388023923,0.565424203872681,24,1
benin,2012,9.12937619689,1.61743105603,-0.254307121038437,24,1
benin,2012,9.10075799718,1.93947938835,-0.145478501915932,24,1
benin,2012,8.76932406618,1.63409550372,0.292000204324722,24,1
benin,2012,9.32292628928,1.47072204896,0.518020689487457,24,0
benin,2012,8.97856023594,1.72978541033,0.133002504706383,24,0
benin,2012,8.97322957033,1.72242679989,0.301785439252853,23,0
benin,2012,9.24205599998,1.52231722111,0.840328872203827,24,0
benin,2012,9.85279738987,1.55425393243,0.124908588826656,22,1
benin,2012,9.93052286709,1.61940101857,-0.40279433131218,23,1
benin,2012,9.88745718011,1.59247528578,-0.435341715812683,24,1
benin,2012,9.9502051385,1.48228894164,-0.220568478107452,24,0
benin,2012,9.78977362782,1.61195995751,0.171689942479134,24,0
benin,2012,9.81164697559,1.49447708416,-0.420651227235794,24,0
benin,2012,9.96677671526,1.46979581247,-0.428591966629028,24,0
benin,2012,9.70758555911,1.67334997897,1.04288065433502,23,1
benin,2012,9.68627789468,1.66571142225,1.3873188495636,23,1
benin,2012,9.71946692509,1.65706841506,0.719961583614349,24,1
benin,2012,9.72826783379,1.65277928983,0.337213009595871,24,1
benin,2012,9.7110376938,1.66820687823,0.92045658826828,24,1
benin,2012,9.73052872183,1.71758239707,-0.0253197159618139,24,1
benin,2012,9.69542990208,1.58684191947,-0.53905326128006,24,0
benin,2012,9.71028545284,1.93735636996,-0.362320244312286,24,0
benin,2012,9.66102131436,1.96522066539,-0.382793039083481,24,0
benin,2012,9.68162909818,1.57326653256,0.133669748902321,24,0
benin,2012,9.45075393066,1.61083695094,0.45463764667511,24,0
benin,2012,9.8872705247,1.78901561827,0.659162640571594,24,0
benin,2012,9.40813211806,2.10021115338,0.243629947304726,24,0
benin,2012,9.42086953487,1.91983581577,-0.317316949367523,24,0
benin,2012,9.53410364096,1.91541944802,0.038174495100975,24,0
benin,2012,9.52586678692,1.55395615333,-0.120535627007484,24,0
benin,2012,9.71845805737,1.41724180534,-0.119954884052277,24,0
benin,2012,9.52657210732,1.36766075507,0.467068374156952,24,0
benin,2012,9.49511943155,1.41469444164,-0.495365053415298,24,0
benin,2012,9.64788196308,1.40739384717,0.324894845485687,23,0
benin,2012,6.37274731361,2.46864696645,1.25707936286926,22,1
benin,2012,6.36891161706,2.47056268245,1.32478332519531,24,1
benin,2012,6.36297797755,2.47468012548,1.53513884544373,21,1
benin,2012,6.36825794309,2.46375813658,1.20686566829681,23,1
benin,2012,6.37179280138,2.47860886794,1.78263902664185,24,1
benin,2012,6.37209007832,2.48197388866,0.797967374324799,24,1
benin,2012,6.37321848094,2.46464385306,1.81584656238556,24,1
benin,2012,6.37502133905,2.45298790499,1.35191178321838,22,1
benin,2012,6.37303195673,2.45553070603,1.50681555271149,20,1
benin,2012,6.37129858121,2.45111837544,1.47924911975861,24,1
benin,2012,6.37493480236,2.45093642823,1.35611021518707,23,1
benin,2012,6.39390686451,2.44314020304,1.28163301944733,21,1
benin,2012,6.3734702679,2.46063272649,1.65812611579895,23,1
benin,2012,6.39035057377,2.43378085593,0.650480628013611,24,1
benin,2012,6.39653140755,2.44050689247,1.20734846591949,22,1
benin,2012,6.38514233783,2.4418065034,1.4844286441803,23,1
benin,2012,6.36979474857,2.44275703511,1.4945981502533,23,1
benin,2012,6.38185639031,2.43212878764,1.53280675411224,24,1
benin,2012,6.38123433686,2.43871806053,1.03732967376709,24,1
benin,2012,6.38636099488,2.44058072701,1.64186859130859,23,1
benin,2012,6.38437952168,2.44092354517,1.56608474254608,24,1
benin,2012,6.36030994069,2.44118247757,1.32982397079468,19,1
benin,2012,6.37820692752,2.44344290753,1.42305624485016,21,1
benin,2012,6.35941944281,2.45019869435,1.05423331260681,23,1
benin,2012,6.37544421497,2.45143654359,1.28385806083679,21,1
benin,2012,6.35843182037,2.43697678117,1.53535175323486,18,1
benin,2012,6.36757031808,2.44319939054,1.41872453689575,22,1
benin,2012,6.36443249919,2.4138616204,1.371426820755,21,1
benin,2012,6.36842708411,2.4326899819,1.41639530658722,20,1
benin,2012,6.35640428145,2.44043282828,0.647098124027252,24,1
benin,2012,6.37923236436,2.43512326324,1.07509100437164,22,1
benin,2012,6.38391441962,2.42002916044,1.30230367183685,24,1
benin,2012,6.38193139769,2.42350692183,1.48531925678253,23,1
benin,2012,6.38292206055,2.42844744558,1.14450204372406,23,1
benin,2012,6.37202854483,2.42193195026,1.35946607589722,23,1
benin,2012,6.38463584683,2.43317519541,0.817676901817322,24,1
benin,2012,6.37254833001,2.42648414228,1.14070725440979,23,1
benin,2012,6.38910431986,2.4289624399,1.2034205198288,23,1
benin,2012,6.36897043033,2.43529486704,0.983831167221069,23,1
benin,2012,6.36786449377,2.41686725692,1.41409814357758,20,1
benin,2012,6.37276711907,2.42058001172,1.29515337944031,24,1
benin,2012,6.35895119196,2.42781965558,1.4221830368042,22,1
benin,2012,6.3770781804,2.44025773092,1.28904438018799,21,1
benin,2012,6.3619475846,2.42097709704,1.18746721744537,23,1
benin,2012,6.38355557804,2.41453254927,1.17848432064056,23,1
benin,2012,6.38419441451,2.38932668927,1.12252366542816,23,1
benin,2012,6.38113690277,2.40856463383,1.26897716522217,19,1
benin,2012,6.38067900829,2.42816962189,1.66650867462158,24,1
benin,2012,6.3809524215,2.4121637877,1.64459908008575,23,1
benin,2012,6.37915336082,2.42700490004,0.489972174167633,24,1
benin,2012,6.37588823213,2.40792104427,1.13524663448334,22,1
benin,2012,6.37067732116,2.40862272456,1.4185870885849,22,1
benin,2012,6.38774492845,2.41335431008,1.6294561624527,24,1
benin,2012,6.37665866093,2.41372726617,1.1800035238266,22,1
benin,2012,6.37870455713,2.4271734851,1.47833502292633,23,1
benin,2012,6.38276743325,2.40282997088,1.50290083885193,22,1
benin,2012,6.36578207887,2.40286909458,1.40792202949524,21,1
benin,2012,6.38252333121,2.39601227388,1.67269384860992,22,1
benin,2012,6.3733562414,2.39950357023,1.17610800266266,23,1
benin,2012,6.39300096519,2.40162035526,1.41011726856232,20,1
benin,2012,6.3823984585,2.38271832064,1.36541438102722,24,1
benin,2012,6.38915723954,2.39488760785,1.29518461227417,24,1
benin,2012,6.37954418606,2.41479920642,1.51473605632782,23,1
benin,2012,6.36820676465,2.39553550283,1.51170790195465,24,1
benin,2012,6.3853133565,2.39153192863,1.13194799423218,24,1
benin,2012,6.37201618581,2.39838261131,1.41742885112762,24,1
benin,2012,6.36188628215,2.40343472465,1.43944096565247,24,1
benin,2012,6.34758646082,2.40111028169,1.30248725414276,21,1
benin,2012,6.38245796226,2.40340310037,1.23531973361969,21,1
benin,2012,6.37452410605,2.42105241,1.46646547317505,23,1
benin,2012,6.36760261751,2.38660042892,1.22279047966003,23,1
benin,2012,6.35589627092,2.37682216304,1.31763184070587,24,1
benin,2012,6.36103481801,2.3731993571,0.884153425693512,22,1
benin,2012,6.36134590019,2.36336110714,1.27332031726837,24,1
benin,2012,6.35370071868,2.36047012746,0.873938798904419,23,1
benin,2012,6.35053209299,2.36746331154,1.36824476718903,24,1
benin,2012,6.37257042008,2.37612531759,1.10080778598785,23,1
benin,2012,6.3762839992,2.36365351705,1.39551210403442,24,1
benin,2012,6.37413508334,2.37333561425,1.50392258167267,24,1
benin,2012,6.37357306969,2.36741579405,1.24059414863586,23,1
benin,2012,6.37435420085,2.36919865292,1.51670682430267,24,1
benin,2012,6.35687697591,2.41728669185,1.2656911611557,24,1
benin,2012,6.36130169178,2.40794601189,1.40440583229065,22,1
benin,2012,6.36419598405,2.39898251927,1.49313676357269,24,1
benin,2012,6.57102925973,1.72809432114,-0.502566635608673,24,1
benin,2012,6.60908683824,1.66670017927,-0.434233993291855,24,1
benin,2012,6.66334563104,1.60583905746,-0.554623603820801,23,0
benin,2012,6.66502161887,1.64374591943,-0.487038224935532,24,0
benin,2012,6.4854185785,1.75990626637,-0.227032497525215,24,0
benin,2012,6.60915766052,1.63267673834,-0.336422473192215,24,0
benin,2012,6.59362981556,1.75248923611,-0.429415851831436,24,0
benin,2012,6.69697585203,1.97717000013,-0.650748610496521,24,0
benin,2012,6.76621556246,1.94261841248,-0.467240065336227,24,0
benin,2012,6.64600554225,1.89169321112,-0.248507350683212,24,0
benin,2012,6.6729802576,1.90559165359,-0.242606148123741,24,0
benin,2012,6.63189618347,1.90061615719,-0.251772612333298,24,0
benin,2012,6.77478647365,1.92444954062,-0.287056267261505,24,0
benin,2012,6.68517028109,1.83941108726,-0.508895039558411,24,0
benin,2012,6.56601659161,1.9277086975,-0.508730292320251,24,0
benin,2012,6.40198171829,1.90159178359,0.262222707271576,23,1
benin,2012,6.39783345039,1.87769890533,0.310467839241028,24,1
benin,2012,6.41459798334,1.89312508968,0.818217277526855,24,1
benin,2012,6.40969913031,1.86808553532,0.411245822906494,24,1
benin,2012,6.39107843951,1.90902313609,0.132598698139191,24,0
benin,2012,6.47414549708,1.92218932664,-0.220929458737373,23,0
benin,2012,6.48527577647,1.94589829355,-0.172027751803398,23,0
benin,2012,6.43762336103,1.83326591289,0.0486587584018707,23,0
benin,2012,6.32741873406,1.83673211723,-0.209518685936928,22,0
benin,2012,6.24291886524,1.65467493645,0.660268425941467,24,0
benin,2012,6.23971601456,1.6492303777,0.114235900342464,23,0
benin,2012,6.3110768559,1.94888969465,-0.307297796010971,22,0
benin,2012,6.33479590748,1.88426469585,-0.14863446354866,24,0
benin,2012,6.43856636448,1.78693420031,-0.620813250541687,24,0
benin,2012,6.30227407924,1.83078468466,0.83181357383728,23,0
benin,2012,6.53766776181,1.9138567803,-0.464423537254333,24,0
benin,2012,6.48961815687,1.87609390242,-0.240718439221382,24,0
benin,2012,6.62688889169,1.8279957491,-0.522641539573669,24,0
benin,2012,6.57299224468,1.89763750794,-0.128530263900757,23,0
benin,2012,6.57039721908,1.91265121265,-0.118997603654861,21,0
benin,2012,6.51833094831,1.79936588985,0.924609839916229,24,0
benin,2012,6.47333525298,1.84681629853,0.0510505437850952,24,0
benin,2012,6.52245486898,1.84331862822,0.422484457492828,24,0
benin,2012,6.53789305331,1.80870580162,0.312483280897141,23,0
benin,2012,6.6416521962,1.70958758641,1.02651560306549,23,1
benin,2012,6.62674181236,1.73134125325,1.11321496963501,23,1
benin,2012,6.63572872229,1.70074988789,0.997133016586304,24,1
benin,2012,6.64611011811,1.730458681,1.26548206806183,24,1
benin,2012,6.65491807926,1.68072773465,-0.0646156594157219,24,1
benin,2012,6.72223225454,1.76919487058,0.534343421459198,24,0
benin,2012,6.64506907485,1.7800454155,0.0824032947421074,24,0
benin,2012,6.68404612488,1.78887872002,-0.0895937383174896,24,0
benin,2012,6.75414137684,1.80767091575,-0.136359483003616,24,0
benin,2012,6.6918877993,1.64011475656,-0.31123548746109,24,0
benin,2012,6.51365198594,2.65999198828,1.21091175079346,24,1
benin,2012,6.52244344786,2.65808239787,0.757252931594849,23,1
benin,2012,6.52682394974,2.68398226081,0.845780968666077,23,1
benin,2012,6.45480950774,2.66852060321,0.776291847229004,24,0
benin,2012,6.51351335366,2.68423431147,0.607669651508331,24,0
benin,2012,6.49134814861,2.67104193758,0.508084356784821,24,0
benin,2012,6.48024456878,2.7126671562,0.408712983131409,23,0
benin,2012,6.49717641861,2.68652168651,0.366229683160782,24,0
benin,2012,6.77797639694,2.4497230206,-0.534199416637421,24,0
benin,2012,6.6396507002,2.47120442681,-0.013356002047658,24,0
benin,2012,6.64072094159,2.48830143597,-0.279272645711899,24,0
benin,2012,6.7039813513,2.4848464215,-0.428380161523819,24,0
benin,2012,6.64868632947,2.46137177032,-0.506226420402527,24,0
benin,2012,6.63477375708,2.49706641658,-0.579509675502777,24,0
benin,2012,6.69257633288,2.43430453746,-0.774556457996368,24,0
benin,2012,6.67805631467,2.48884339075,0.342545658349991,24,0
benin,2012,6.50275720156,2.53369259968,-0.271079152822495,24,0
benin,2012,6.45558556048,2.52995006351,-0.0806085169315338,24,0
benin,2012,6.44096184251,2.54556249638,-0.164580449461937,23,0
benin,2012,6.44352358687,2.54294032375,-0.179486125707626,24,0
benin,2012,6.56725655486,2.59672231471,0.342875927686691,23,1
benin,2012,6.55820224415,2.57655494458,0.520107924938202,24,1
benin,2012,6.54897655148,2.59353412048,0.578804969787598,24,1
benin,2012,6.58410596457,2.57706931489,0.049803301692009,24,0
benin,2012,6.63933356089,2.59703072734,0.282742589712143,24,0
benin,2012,6.60867475405,2.59608763399,0.27627882361412,23,0
benin,2012,6.52511626757,2.60726636518,0.185872346162796,24,0
benin,2012,6.51836422478,2.57814331596,0.435725003480911,23,0
benin,2012,6.55727301483,2.65785072204,0.732946753501892,24,1
benin,2012,6.549035309,2.66906872079,0.435873687267303,23,1
benin,2012,6.55881386186,2.67429205217,0.561673164367676,24,0
benin,2012,6.51980483707,2.62587464589,0.380910396575928,23,0
benin,2012,6.56675220917,2.61884936506,-0.163758799433708,24,0
benin,2012,6.54912453572,2.67581390405,-0.224750488996506,23,0
benin,2012,6.57021909144,2.6158904387,-0.00999900046736,24,0
benin,2012,6.54321191924,2.6802472756,0.296158373355865,24,0
benin,2012,6.52222310451,2.69707435374,0.158281534910202,24,0
benin,2012,6.79998898515,2.46898423856,0.152400389313698,24,0
benin,2012,6.83883980178,2.50890549503,-0.27765828371048,24,0
benin,2012,6.85295855317,2.50778692092,-0.159793391823769,23,0
benin,2012,6.94088002291,2.43675924988,-0.181406602263451,21,0
benin,2012,6.86446425783,2.51172700378,-0.199788391590118,24,0
benin,2012,6.85951387497,2.48381291911,0.138550862669945,24,0
benin,2012,6.55719702678,2.45792203511,-0.383710771799088,24,0
benin,2012,6.60121303357,2.43786816468,-0.110061749815941,24,0
benin,2012,6.6187639631,2.46765800105,-0.734250366687775,24,0
benin,2012,6.60296727861,2.50377190237,-0.743823349475861,24,0
benin,2012,6.56374421812,2.55783770709,0.103976212441921,24,0
benin,2012,6.5438850838,2.54145170009,-0.626495897769928,24,0
benin,2012,6.59292131165,2.53053530132,-0.853715837001801,24,0
benin,2012,6.60665248814,2.52920178572,-0.0714137479662895,24,0
benin,2012,6.58876781036,2.53229498211,-0.219258546829224,24,0
benin,2012,6.48933553852,2.62222815171,1.36292660236359,20,1
benin,2012,6.47765560778,2.623234847,1.229323387146,19,1
benin,2012,6.46638417246,2.63611684112,0.788844168186188,22,1
benin,2012,6.47112373022,2.63712058552,1.2572535276413,23,1
benin,2012,6.47417239945,2.64740204751,0.888329863548279,22,1
benin,2012,6.50062115254,2.63971605321,1.26452374458313,22,1
benin,2012,6.46085248692,2.65898545549,0.775486946105957,22,1
benin,2012,6.48665255297,2.61760837357,0.995146036148071,20,1
benin,2012,6.47574559411,2.62892110749,0.699395596981049,23,1
benin,2012,6.50493941411,2.63101397144,1.49268186092377,21,1
benin,2012,6.48694592182,2.64053111597,0.802641808986664,24,1
benin,2012,6.49788320996,2.63306445751,1.18976187705994,23,1
benin,2012,6.50856709993,2.62188791145,1.2213488817215,22,1
benin,2012,6.49186333295,2.61528792764,1.43120300769806,19,1
benin,2012,6.4976672697,2.61920383752,1.47815847396851,24,1
benin,2012,6.51217400652,2.60770670773,1.1099933385849,21,1
benin,2012,6.49480033161,2.59292769185,1.3720862865448,22,1
benin,2012,6.48556227319,2.58506038452,0.699831902980804,23,1
benin,2012,6.36971847681,2.52370797172,1.24342310428619,24,1
benin,2012,6.39665565224,2.530197463,0.602332174777985,23,1
benin,2012,6.37608056485,2.52586056367,0.664751470088959,23,1
benin,2012,6.3819853594,2.57667054291,1.13495373725891,24,1
benin,2012,6.3778948374,2.58610759432,0.452864140272141,24,1
benin,2012,6.37430548574,2.62038133418,0.0405348911881447,23,1
benin,2012,6.40136414695,2.49862003279,0.65379399061203,19,0
benin,2012,6.38071410588,2.48153926294,1.21793234348297,23,0
benin,2012,6.38484781725,2.47848245902,1.30693101882935,21,0
benin,2012,6.42447816951,2.54894344532,0.0516608543694019,24,0
benin,2012,6.45676686736,2.6098078304,1.05667889118195,22,0
benin,2012,6.4279974971,2.61167508824,0.473190546035767,24,0
benin,2012,6.39983976425,2.70429343775,0.128346726298332,22,0
benin,2012,6.99557124359,2.61177377473,-0.103905953466892,24,1
benin,2012,7.08671443032,2.57754845178,-0.31830957531929,20,1
benin,2012,6.9749496508,2.64203641094,0.219304874539375,21,1
benin,2012,6.92047461974,2.59419589157,0.429718345403671,23,0
benin,2012,6.90026694633,2.68991920995,0.15050046145916,23,0
benin,2012,7.17102062845,2.54586980281,-0.710242509841919,22,0
benin,2012,7.14962671344,2.54658429519,-0.159401535987854,24,0
benin,2012,6.91382428772,2.66526051853,-0.173643723130226,24,0
benin,2012,6.90510553328,2.56399919997,-0.0653742551803589,24,0
benin,2012,6.63949883052,2.72132500428,0.845497608184814,22,1
benin,2012,6.66714379465,2.73108971847,0.703107476234436,23,1
benin,2012,6.73504029723,2.74668030698,0.015051057562232,24,1
benin,2012,6.64815620032,2.7145323807,0.494930118322372,21,0
benin,2012,6.60416278392,2.68707719117,-0.0788396075367928,23,0
benin,2012,6.56301635869,2.75075859706,-0.0726405382156372,24,0
benin,2012,6.63511827418,2.67374229872,0.0366888903081417,22,0
benin,2012,6.70668024004,2.68738457774,-0.181325420737267,23,0
benin,2012,7.3694192274,2.61279264942,0.841132879257202,23,1
benin,2012,7.36063176826,2.58789297111,0.664096295833588,24,1
benin,2012,7.36472083622,2.61282776943,0.5868239402771,24,1
benin,2012,7.35965055986,2.60252361812,1.21744215488434,22,1
benin,2012,7.47618963681,2.57594003803,-0.381565719842911,24,0
benin,2012,7.63390430306,2.64847966194,-0.314138829708099,24,0
benin,2012,7.51463327785,2.71306618711,0.40020027756691,22,0
benin,2012,7.44435769088,2.76475533587,1.02042472362518,23,0
benin,2012,7.31908646986,2.62136619894,0.0265158172696829,22,0
benin,2012,7.23846859505,2.7137379785,-0.379721403121948,23,0
benin,2012,7.39405530786,2.64909932585,-0.362627774477005,23,0
benin,2012,6.98812089853,2.67404882326,0.683793544769287,24,1
benin,2012,6.98995161713,2.68350724332,0.0834926143288612,24,1
benin,2012,6.9753363522,2.65744987376,0.249833226203918,24,1
benin,2012,6.97168147244,2.64964453195,0.83273047208786,24,1
benin,2012,7.04637618539,2.66045159803,-0.707957625389099,24,0
benin,2012,7.09047251023,2.7134174923,-0.521713137626648,24,0
benin,2012,7.18652348261,2.61860915374,-0.488526403903961,24,0
benin,2012,7.08949513331,2.65715551004,-0.469603836536407,24,0
benin,2012,7.169421513,2.71053426431,-0.442461490631104,24,0
benin,2012,6.73674441847,2.65267820458,0.369769483804703,24,1
benin,2012,6.73497439526,2.6542302521,0.309554517269135,24,1
benin,2012,6.73369728919,2.62920446149,0.104631669819355,24,1
benin,2012,6.7978900399,2.6370499013,-0.372025549411774,24,0
benin,2012,6.84936192554,2.63866244244,0.036593459546566,24,0
benin,2012,6.86770557095,2.58805506266,-0.0718570798635483,24,0
benin,2012,6.68045348465,2.68060233437,-0.286824882030487,24,0
benin,2012,6.74837357205,2.6016477759,0.331503659486771,24,0
benin,2012,7.17398678615,1.99764546631,0.541705846786499,24,1
benin,2012,7.17719202206,2.0116843769,0.668983280658722,22,1
benin,2012,7.15861488267,1.95886500593,-0.0694993287324905,24,1
benin,2012,7.16938114043,1.97619910439,1.08566355705261,24,1
benin,2012,7.18245571711,2.01049652535,1.06125235557556,23,1
benin,2012,7.18411002151,1.98708089064,0.649876415729523,24,1
benin,2012,7.20821179645,1.98834000584,0.607296824455261,24,1
benin,2012,7.22955045647,1.94687995764,-0.500766336917877,21,0
benin,2012,7.1885352301,2.0320174728,-0.194666340947151,24,0
benin,2012,7.15932127649,2.00521731364,-0.432607531547546,23,0
benin,2012,7.17324275049,2.0161469452,-0.100454956293106,23,0
benin,2012,7.08646534015,2.03146875557,0.0716873928904533,24,0
benin,2012,7.12285087247,2.04597121869,-0.230628147721291,24,0
benin,2012,7.10074631562,2.00416752268,-0.172612816095352,24,0
benin,2012,7.05422595018,1.95055356232,-0.59955906867981,24,0
benin,2012,7.02798690228,1.99782600742,-0.403945535421371,24,0
benin,2012,7.12754778575,1.94228896358,-0.25875186920166,24,0
benin,2012,7.14113665147,1.95279007249,-0.213423356413841,23,0
benin,2012,7.06536742872,2.01610192399,0.174793243408203,23,0
benin,2012,7.18339367526,2.07740562545,0.682752430438995,24,1
benin,2012,7.209772251,2.06616175322,0.922374844551086,23,1
benin,2012,7.15427977943,2.06935129716,0.621191143989563,24,1
benin,2012,7.20229658088,2.05707910532,1.03987538814545,23,1
benin,2012,7.18721999043,2.07044459732,1.1957780122757,23,1
benin,2012,7.20427561142,2.04919552857,0.984501540660858,23,1
benin,2012,7.16460731179,2.07217051089,1.23686587810516,24,1
benin,2012,7.18740606558,2.07350392353,0.27537676692009,24,0
benin,2012,7.20761534301,2.06046301007,0.281646549701691,24,0
benin,2012,7.20288486267,2.04979327888,0.263856709003448,24,0
benin,2012,7.15659352295,2.04451134748,0.646502494812012,24,0
benin,2012,7.25628129006,2.07207173622,-0.285680115222931,24,0
benin,2012,7.14781551847,2.07099979282,0.298870176076889,24,0
benin,2012,7.1876815355,2.12875021724,-0.625142514705658,23,0
benin,2012,7.23386809421,2.32394608304,1.00708258152008,24,0
benin,2012,7.19574682763,2.34596452202,-0.0132730267941952,24,0
benin,2012,7.17625010994,2.34124122249,-0.417830675840378,24,0
benin,2012,7.22337240223,2.32034348852,0.0704223364591599,24,0
benin,2012,7.18786810302,2.33173128772,-0.0883664563298225,24,0
benin,2012,7.23886729569,2.33193362425,0.751843988895416,24,0
benin,2012,7.26370133278,1.89787195487,-0.238072842359543,23,1
benin,2012,7.39728783221,1.89458440756,0.243274748325348,24,1
benin,2012,7.32781965683,1.83581666005,-0.465529143810272,24,1
benin,2012,7.24898036302,2.03674750212,-0.496582329273224,24,0
benin,2012,7.57000226337,1.73986959424,-0.0818224549293518,24,0
benin,2012,7.38433355467,2.10305169783,-0.413117647171021,24,0
benin,2012,7.25664849535,2.02311734339,-0.40016382932663,24,0
benin,2012,7.49364561013,1.78723231702,-0.416351795196533,24,0
benin,2012,7.65225657562,1.64777375936,-0.451713085174561,24,0
benin,2012,7.50085863953,2.07760703084,-0.229837536811829,24,0
benin,2012,7.29421323739,2.02635018974,-0.257723242044449,24,0
benin,2012,7.09319080354,2.50375993793,0.0460929907858372,20,1
benin,2012,7.07904490572,2.51890135579,-0.359282702207565,23,1
benin,2012,7.02774109794,2.47855223535,-0.441072940826416,23,0
benin,2012,7.17378348025,2.492777643,-0.387970417737961,21,0
benin,2012,7.17632145714,2.45839367143,-0.470244467258453,22,0
benin,2012,6.96036284153,2.44057026374,-0.811822950839996,23,0
benin,2012,7.24843400607,2.39627553513,0.444165766239166,24,0
benin,2012,7.31618575851,2.34051058073,-0.738664627075195,24,0
benin,2012,7.26738537939,2.36579617794,-0.0377002842724323,24,0
benin,2012,7.07267580371,2.35198440346,-0.938363134860992,24,0
benin,2012,7.16954786722,2.39053648468,-0.338005214929581,24,0
benin,2012,7.26228233962,2.19094893016,-0.67857426404953,24,1
benin,2012,7.2355738944,2.22479275088,-0.17085026204586,23,1
benin,2012,7.207999534,2.21630504571,-0.424992263317108,24,1
benin,2012,7.17502517513,2.25966786559,-0.790512025356293,24,0
benin,2012,7.22102519225,2.15544017209,-0.396969199180603,24,0
benin,2012,7.22505359266,2.1870872626,-0.332524687051773,24,0
benin,2012,7.27130171106,2.14390943986,-0.719068169593811,24,0
benin,2012,7.20217632185,2.10368340464,-0.614632785320282,24,0
benin,2012,7.22952534318,2.11228410489,-0.820645093917847,24,0
benin,2012,7.23986534752,2.1944713794,-0.784698665142059,24,0
benin,2012,7.22118215274,2.12185878459,0.0184573624283075,24,0
benin,2012,6.93638804579,2.00349153311,-0.282315760850906,21,0
benin,2012,7.12395886044,2.11082432421,0.0688163563609123,20,0
benin,2012,7.11789049207,2.07947111148,0.371633589267731,21,0
benin,2012,7.09767050482,2.30528015188,-0.538196742534637,23,0
benin,2012,6.98496998769,2.38542200865,-0.57743889093399,22,0
benin,2012,7.02322060624,2.2189969977,-0.286844044923782,23,0
benin,2012,7.04691984444,2.14357257896,-0.18030908703804,21,0
benin,2012,7.0619219523,2.17634197357,-0.486622989177704,21,0
benin,2012,7.07646832866,2.12578590089,-0.221893802285194,23,0